TRACK_clean,ncaa_name,espn_name,dist,primary_color,secondary_color,tertiary_color,color_4,color_5,color_6,logo_url,color_3,conference,ncaa_name_TRUE
Abilene Christian,Abilene Christian,Abil Christian,0,#461D7C,#FFFFFF,NA,NA,NA,NA,https://upload.wikimedia.org/wikipedia/en/thumb/6/6c/Abilene_Christian_Wildcats_logo.svg/320px-Abilene_Christian_Wildcats_logo.svg.png,NA,WAC,Abilene Christian
Air Force,Air Force,Air Force,0,#003087,#8A8D8F,#B1B3B3,#FFC72C,#000000,NA,https://upload.wikimedia.org/wikipedia/commons/d/dc/Air_Force_Falcons_logo.svg,NA,MWC,Air Force
Akron,Akron,Akron,0,#041E42,#A89968,NA,NA,NA,NA,https://upload.wikimedia.org/wikipedia/commons/thumb/3/3c/Akron_Zips_logo.svg/200px-Akron_Zips_logo.svg.png,NA,MAC,Akron
Alabama,Alabama,Alabama,0,#9E1B32,#828A8F,#FFFFFF,NA,NA,NA,https://upload.wikimedia.org/wikipedia/commons/thumb/1/1b/Alabama_Crimson_Tide_logo.svg/200px-Alabama_Crimson_Tide_logo.svg.png,NA,SEC,Alabama
Alabama A&M,Alabama A&M,Alabama A&M,0,#660000,#FFFFFF,NA,NA,NA,NA,https://upload.wikimedia.org/wikipedia/commons/thumb/b/b3/Alabama_A%26M_Bulldogs_logo.svg/201px-Alabama_A%26M_Bulldogs_logo.svg.png,NA,SWAC,Alabama A&M
Alabama State,Alabama St.,Alabama State,0.10722610722610726,#C99700,#000000,NA,NA,NA,NA,https://upload.wikimedia.org/wikipedia/en/thumb/7/7f/Alabama_State_Hornets_logo.svg/320px-Alabama_State_Hornets_logo.svg.png,NA,SWAC,Alabama State
Albany,Albany (NY),Albany,0.1515151515151516,#461660,#EEB211,NA,NA,NA,NA,https://upload.wikimedia.org/wikipedia/commons/thumb/0/03/Albany_Great_Danes_logo.svg/200px-Albany_Great_Danes_logo.svg.png,NA,Am. East,Albany
Alcorn State,Alcorn,Alcorn State,0.16666666666666674,#46166A,#E9A713,NA,NA,NA,NA,https://upload.wikimedia.org/wikipedia/en/thumb/8/82/Alcorn_State_athletics_logo.svg/280px-Alcorn_State_athletics_logo.svg.png,NA,SWAC,Alcorn State
American,American,American,0,#C4122E,#005099,NA,NA,NA,NA,https://upload.wikimedia.org/wikipedia/commons/thumb/f/f3/American_Eagles_logo.svg/240px-American_Eagles_logo.svg.png,NA,Patriot,American
Appalachian State,Appalachian St.,Appalachian St,0.08104575163398697,#222222,#FFCC00,NA,NA,NA,NA,https://upload.wikimedia.org/wikipedia/commons/thumb/a/a9/Appalachian_State_Mountaineers_logo.svg/200px-Appalachian_State_Mountaineers_logo.svg.png,NA,Sunbelt,Appalachian State
Arizona,Arizona,Arizona,0,#CC0033,#003366,NA,NA,NA,NA,https://upload.wikimedia.org/wikipedia/commons/thumb/3/34/Arizona_Wildcats_logo.svg/200px-Arizona_Wildcats_logo.svg.png,NA,Pac 12,Arizona
Arizona State,Arizona St.,Arizona State,0.10722610722610726,#8C1D40,#FFC627,NA,NA,NA,NA,https://upload.wikimedia.org/wikipedia/en/thumb/0/0a/Arizona_State_Sun_Devils_logo.svg/245px-Arizona_State_Sun_Devils_logo.svg.png,NA,Pac 12,Arizona State
Arkansas,Arkansas,Arkansas,0,#9D2235,#FFFFFF,NA,NA,NA,NA,https://upload.wikimedia.org/wikipedia/commons/thumb/8/81/Arkansas_Razorbacks_logo.svg/200px-Arkansas_Razorbacks_logo.svg.png,NA,SEC,Arkansas
Arkansas State,Arkansas St.,Arkansas State,0.09920634920634919,#CC092F,#000000,NA,NA,NA,NA,https://upload.wikimedia.org/wikipedia/commons/thumb/8/8f/Arkansas_State_Red_Wolves_wordmark.svg/200px-Arkansas_State_Red_Wolves_wordmark.svg.png,NA,Sunbelt,Arkansas State
Arkansas-Little Rock,Arkansas,Arkansas,0.20000000000000007,#9D2235,#FFFFFF,NA,NA,NA,NA,https://upload.wikimedia.org/wikipedia/commons/thumb/8/81/Arkansas_Razorbacks_logo.svg/200px-Arkansas_Razorbacks_logo.svg.png,NA,SEC,Arkansas-Little Rock
Arkansas-Pine Bluff,Ark.-Pine Bluff,AR-Pine Bluff,0.1575605680868839,#000000,#EEB310,NA,NA,NA,NA,https://upload.wikimedia.org/wikipedia/en/thumb/a/a6/Arkansas%E2%80%93Pine_Bluff_Golden_Lions_logo.svg/290px-Arkansas%E2%80%93Pine_Bluff_Golden_Lions_logo.svg.png,NA,SWAC,Arkansas-Pine Bluff
Army,Army West Point,Army,0.24444444444444446,#D4BF91,#000000,#B2B4B3,NA,NA,NA,https://upload.wikimedia.org/wikipedia/commons/thumb/0/01/Army_West_Point_logo.svg/206px-Army_West_Point_logo.svg.png,NA,Patriot,Army
Army West Point,Army West Point,Army,0,#D4BF91,#000000,#B2B4B3,NA,NA,NA,https://upload.wikimedia.org/wikipedia/commons/thumb/0/01/Army_West_Point_logo.svg/206px-Army_West_Point_logo.svg.png,NA,Patriot,Army West Point
Auburn,Auburn,Auburn,0,#0C2340,#E87722,NA,NA,NA,NA,https://upload.wikimedia.org/wikipedia/commons/thumb/1/15/Auburn_Tigers_logo.svg/200px-Auburn_Tigers_logo.svg.png,NA,SEC,Auburn
Austin Peay,Austin Peay,Austin Peay,0,#BA0C2F,#000000,NA,NA,NA,NA,https://upload.wikimedia.org/wikipedia/en/thumb/a/a8/Austin_Peay_Governors_logo.svg/262px-Austin_Peay_Governors_logo.svg.png,NA,OVC,Austin Peay
Ball State,Ball St.,Ball State,0.1416666666666666,#BA0C2F,#000000,NA,NA,NA,NA,https://upload.wikimedia.org/wikipedia/en/thumb/e/e4/Ball_State_Cardinals_logo.svg/170px-Ball_State_Cardinals_logo.svg.png,NA,MAC,Ball State
Baylor,Baylor,Baylor,0,#003015,#FECB00,NA,NA,NA,NA,https://upload.wikimedia.org/wikipedia/commons/thumb/b/b0/2018_Baylor_Athletics_Logo.png/208px-2018_Baylor_Athletics_Logo.png,NA,Big 12,Baylor
Belmont,Belmont,Belmont,0,#002469,#C9262D,NA,NA,NA,NA,https://upload.wikimedia.org/wikipedia/en/thumb/d/d6/Belmont_Bruins_logo.svg/251px-Belmont_Bruins_logo.svg.png,NA,OVC,Belmont
Bethune-Cookman,Bethune-Cookman,Bethune-Cookman,0,#6F263D,#F2A900,NA,NA,NA,NA,https://upload.wikimedia.org/wikipedia/commons/thumb/e/e8/Bethune%E2%80%93Cookman_Wildcats_logo.svg/230px-Bethune%E2%80%93Cookman_Wildcats_logo.svg.png,NA,SWAC,Bethune-Cookman
Binghamton,Binghamton,Binghamton,0,#005A43,#169B62,#BF0D3E,#B1B3B3,NA,NA,https://upload.wikimedia.org/wikipedia/en/thumb/d/d8/Binghamton_Bearcats_logo.svg/320px-Binghamton_Bearcats_logo.svg.png,NA,Am. East,Binghamton
Boise State,Boise St.,Boise State,0.12794612794612803,#D64309,#0033A0,NA,NA,NA,NA,https://upload.wikimedia.org/wikipedia/en/thumb/4/40/Boise_State_Broncos_logo.svg/291px-Boise_State_Broncos_logo.svg.png,NA,MWC,Boise State
Boston College,Boston College,Boston College,0,#98002E,#BC9B6A,NA,NA,NA,NA,https://upload.wikimedia.org/wikipedia/en/thumb/9/96/Boston_College_Eagles_logo.svg/264px-Boston_College_Eagles_logo.svg.png,NA,ACC,Boston College
Boston U.,Boston U.,Boston U,0,#CC0000,#FFFFFF,NA,NA,NA,NA,https://upload.wikimedia.org/wikipedia/en/thumb/1/15/Boston_University_Terriers_logo.svg/262px-Boston_University_Terriers_logo.svg.png,NA,Patriot,Boston U.
Boston University,Boston U.,Boston U,0.21350762527233114,#CC0000,#FFFFFF,NA,NA,NA,NA,https://upload.wikimedia.org/wikipedia/en/thumb/1/15/Boston_University_Terriers_logo.svg/262px-Boston_University_Terriers_logo.svg.png,NA,Patriot,Boston University
Bowling Green,Bowling Green,Bowling Green,0,#FE5000,#4F2C1D,#CDA077,#000000,NA,NA,https://upload.wikimedia.org/wikipedia/en/thumb/2/2b/Bowling_Green_Falcons_logo.svg/257px-Bowling_Green_Falcons_logo.svg.png,NA,MAC,Bowling Green
Bradley,Bradley,Bradley,0,#A50000,#999999,NA,NA,NA,NA,https://upload.wikimedia.org/wikipedia/commons/thumb/7/7b/Bradley_Braves_logo.svg/200px-Bradley_Braves_logo.svg.png,NA,MVC,Bradley
Brown,Brown,Brown,0,#4E3629,#FFFFFF,#7C2529,#E4002B,#000000,NA,https://upload.wikimedia.org/wikipedia/en/thumb/d/dd/Brown_Bears_logo.svg/220px-Brown_Bears_logo.svg.png,NA,Ivy,Brown
Bryant,Bryant,Bryant,0,#231F20,#B09863,NA,NA,NA,NA,https://upload.wikimedia.org/wikipedia/en/thumb/c/ca/Bryant_Bulldogs_logo.svg/296px-Bryant_Bulldogs_logo.svg.png,NA,NEC,Bryant
Bucknell,Bucknell,Bucknell,0,#EF5B0C,#003865,NA,NA,NA,NA,https://upload.wikimedia.org/wikipedia/en/thumb/3/3a/Bucknell_Bison_logo.svg/286px-Bucknell_Bison_logo.svg.png,NA,Patriot,Bucknell
Buffalo,Buffalo,Buffalo,0,#005BBB,#FFFFFF,NA,NA,NA,NA,https://upload.wikimedia.org/wikipedia/commons/thumb/0/0c/Buffalo_Bulls_logo.svg/320px-Buffalo_Bulls_logo.svg.png,NA,MAC,Buffalo
Butler,Butler,Butler,0,#13294B,#747678,#D1E0D7,#000000,NA,NA,https://upload.wikimedia.org/wikipedia/en/thumb/0/06/Butler_Bulldogs_logo.svg/245px-Butler_Bulldogs_logo.svg.png,NA,Big East,Butler
BYU,BYU,BYU,0,#002255,#C5AF7D,NA,NA,NA,NA,https://upload.wikimedia.org/wikipedia/commons/thumb/9/95/BYU_Cougars_logo.svg/320px-BYU_Cougars_logo.svg.png,NA,WCC,BYU
Cal Poly,Cal Poly,Cal Poly,0,#003831,#FFE395,#B38F4F,#000000,NA,NA,https://upload.wikimedia.org/wikipedia/en/thumb/0/0e/Cal_Poly_Mustangs_logo.svg/320px-Cal_Poly_Mustangs_logo.svg.png,NA,Big West,Cal Poly
Cal St. Bakersfield,CSU Bakersfield,CSU Bakersfield,0.14565580618212204,#005DAA,#FFD200,NA,NA,NA,NA,https://upload.wikimedia.org/wikipedia/en/thumb/c/cc/Cal_State_Bakersfield_Roadrunners_logo.svg/320px-Cal_State_Bakersfield_Roadrunners_logo.svg.png,NA,Big West,Cal St. Bakersfield
Cal St. Fullerton,Cal St. Fullerton,CSU Fullerton,0,#00274C,#DC8218,NA,NA,NA,NA,https://upload.wikimedia.org/wikipedia/commons/thumb/0/0e/Cal_State_Fullerton_Titans_logo.svg/200px-Cal_State_Fullerton_Titans_logo.svg.png,NA,Big West,Cal St. Fullerton
Cal St. Northridge,CSUN,CSU Northridge,0,#CE1126,#D1CEC6,#000000,NA,NA,NA,https://upload.wikimedia.org/wikipedia/en/thumb/5/51/CSUN_Matadors_logo.svg/188px-CSUN_Matadors_logo.svg.png,NA,Big West,CSUN
California,California,Cal,0,#003262,#FDB515,#3B7EA1,#C4820E,NA,NA,https://upload.wikimedia.org/wikipedia/commons/thumb/8/8b/California_Golden_Bears_logo.svg/200px-California_Golden_Bears_logo.svg.png,NA,Pac 12,California
Campbell,Campbell,Campbell,0,#E87722,#000000,NA,NA,NA,NA,https://upload.wikimedia.org/wikipedia/en/thumb/8/84/Campbell_Fighting_Camels_logo.svg/320px-Campbell_Fighting_Camels_logo.svg.png,NA,Big South,Campbell
Canisius,Canisius,Canisius,0,#0C2340,#FFBA00,NA,NA,NA,NA,https://upload.wikimedia.org/wikipedia/en/thumb/d/dd/Canisius_Golden_Griffins.svg/216px-Canisius_Golden_Griffins.svg.png,NA,MAAC,Canisius
CBU,California Baptist,Cal Baptist,0,#002554,#A37400,#AC451E,NA,NA,NA,https://upload.wikimedia.org/wikipedia/en/thumb/a/a2/California_Baptist_Lancers_logo.svg/320px-California_Baptist_Lancers_logo.svg.png,NA,WAC,California Baptist
Central Arkansas,Central Ark.,Cent Arkansas,0.13194444444444453,#4F2D7F,#818A8F,NA,NA,NA,NA,https://upload.wikimedia.org/wikipedia/en/thumb/6/6d/Central_Arkansas_Athletics_logo.svg/293px-Central_Arkansas_Athletics_logo.svg.png,NA,A-Sun,Central Arkansas
Central Connecticut,Central Conn. St.,Cent Conn St,0.1836945304437565,#1A4784,#FFFFFF,NA,NA,NA,NA,https://upload.wikimedia.org/wikipedia/en/thumb/9/90/Central_Connecticut_Blue_Devils_logo.svg/264px-Central_Connecticut_Blue_Devils_logo.svg.png,NA,NEC,Central Connecticut
Central Florida,UCF,UCF,0,#000000,#B7A369,NA,NA,NA,NA,https://upload.wikimedia.org/wikipedia/commons/thumb/f/fd/UCF_Knights_logo.svg/299px-UCF_Knights_logo.svg.png,NA,AAC,UCF
Central Michigan,Central Mich.,Cent Michigan,0.10897435897435892,#6A0032,#FFC82E,NA,NA,NA,NA,https://upload.wikimedia.org/wikipedia/commons/thumb/2/2a/Central_Michigan_Chippewas_logo.svg/200px-Central_Michigan_Chippewas_logo.svg.png,NA,MAC,Central Michigan
Charleston Southern,Charleston So.,Charleston So,0.12907268170426067,#002855,#A89968,NA,NA,NA,NA,https://upload.wikimedia.org/wikipedia/en/thumb/8/86/Charleston_Southern_Buccaneers_logo.svg/273px-Charleston_Southern_Buccaneers_logo.svg.png,NA,Big South,Charleston Southern
Charlotte,Charlotte,Charlotte,0,#046A38,#B9975B,#27251F,NA,NA,NA,https://upload.wikimedia.org/wikipedia/commons/3/33/Charlotte_49ers_logo.svg,NA,C-USA,Charlotte
Chattanooga,Chattanooga,Chattanooga,0,#00386B,#E0AA0F,NA,NA,NA,NA,https://upload.wikimedia.org/wikipedia/commons/thumb/5/5d/Chattanooga_Mocs_logo.svg/272px-Chattanooga_Mocs_logo.svg.png,NA,Southern,Chattanooga
Chicago State,Chicago St.,Chicago State,0.10722610722610726,#006666,#000000,NA,NA,NA,NA,https://upload.wikimedia.org/wikipedia/en/thumb/b/b2/Chicago_State_Cougars_logo.svg/246px-Chicago_State_Cougars_logo.svg.png,NA,WAC,Chicago State
Cincinnati,Cincinnati,Cincinnati,0,#E00122,#000000,NA,NA,NA,NA,https://upload.wikimedia.org/wikipedia/en/thumb/2/2c/Cincinnati_Bearcats_logo.svg/153px-Cincinnati_Bearcats_logo.svg.png,NA,AAC,Cincinnati
Citadel,The Citadel,The Citadel,0.2640692640692641,#3975B7,#FFFFFF,NA,NA,NA,NA,https://upload.wikimedia.org/wikipedia/commons/0/0d/Correct_secondary_logo.png,NA,Southern,Citadel
Clemson,Clemson,Clemson,0,#F56600,#522D80,NA,NA,NA,NA,https://upload.wikimedia.org/wikipedia/commons/thumb/7/72/Clemson_Tigers_logo.svg/251px-Clemson_Tigers_logo.svg.png,NA,ACC,Clemson
Cleveland St.,Cleveland St.,Cleveland State,0,#006747,#000000,NA,NA,NA,NA,https://upload.wikimedia.org/wikipedia/en/thumb/7/70/Cleveland_State_Vikings_logo.svg/311px-Cleveland_State_Vikings_logo.svg.png,NA,Horizon,Cleveland St.
Coastal Carolina,Coastal Carolina,C. Carolina,0,#006F71,#A27752,#111111,NA,NA,NA,https://upload.wikimedia.org/wikipedia/en/thumb/e/ef/Coastal_Carolina_Chanticleers_logo.svg/214px-Coastal_Carolina_Chanticleers_logo.svg.png,NA,Sunbelt,Coastal Carolina
Col. of Charleston,Col. of Charleston,Charleston,0,#76232F,#FFFFFF,NA,NA,NA,NA,https://upload.wikimedia.org/wikipedia/commons/thumb/0/05/College_of_Charleston_Cougars_logo.svg/206px-College_of_Charleston_Cougars_logo.svg.png,NA,CAA,Col. of Charleston
Colgate,Colgate,Colgate,0,#862633,#C8C7C7,NA,NA,NA,NA,https://upload.wikimedia.org/wikipedia/commons/thumb/e/ef/Colgate_Raiders_logo.svg/189px-Colgate_Raiders_logo.svg.png,NA,Patriot,Colgate
Colorado,Colorado,Colorado,0,#CFB87C,#000000,#565A5C,#A2A4A3,#4B92DB,NA,https://upload.wikimedia.org/wikipedia/en/thumb/d/d3/Colorado_Buffaloes_logo.svg/320px-Colorado_Buffaloes_logo.svg.png,NA,Pac 12,Colorado
Colorado St.,Colorado St.,Colorado State,0,#1E4D2B,#C8C372,NA,NA,NA,NA,https://upload.wikimedia.org/wikipedia/en/thumb/1/14/Colorado_State_Rams_logo.svg/240px-Colorado_State_Rams_logo.svg.png,NA,MWC,Colorado St.
Columbia,Columbia,Columbia,0,#9BCBEB,#003865,NA,NA,NA,NA,https://upload.wikimedia.org/wikipedia/en/thumb/5/5f/Columbia_Lions_logo.svg/206px-Columbia_Lions_logo.svg.png,NA,Ivy,Columbia
Connecticut,UConn,UConn,0.2787878787878788,#000E2F,#FFFFFF,NA,NA,NA,NA,https://upload.wikimedia.org/wikipedia/en/thumb/b/b0/Connecticut_Huskies_logo.svg/192px-Connecticut_Huskies_logo.svg.png,NA,Big East,Connecticut
Coppin State,Coppin St.,Coppin State,0.1166666666666667,#003056,#FFC915,NA,NA,NA,NA,https://upload.wikimedia.org/wikipedia/en/thumb/8/85/Coppin_State_Eagles_logo.svg/320px-Coppin_State_Eagles_logo.svg.png,NA,MEAC,Coppin State
Cornell,Cornell,Cornell,0,#B31B1B,#5E3920,#89572E,#000000,NA,NA,https://upload.wikimedia.org/wikipedia/en/thumb/9/9b/Cornell_Big_Red_logo.svg/231px-Cornell_Big_Red_logo.svg.png,NA,Ivy,Cornell
Creighton,Creighton,Creighton,0,#005CA9,#00235D,#6CADDE,#828282,#C8C8C8,#8A8D8F,https://upload.wikimedia.org/wikipedia/en/thumb/6/6f/Creighton_Bluejays_logo.svg/238px-Creighton_Bluejays_logo.svg.png,NA,Big East,Creighton
CSU Bakersfield,CSU Bakersfield,CSU Bakersfield,0,#005DAA,#FFD200,NA,NA,NA,NA,https://upload.wikimedia.org/wikipedia/en/thumb/c/cc/Cal_State_Bakersfield_Roadrunners_logo.svg/320px-Cal_State_Bakersfield_Roadrunners_logo.svg.png,NA,Big West,CSU Bakersfield
CSUN,CSUN,CSU Northridge,0,#CE1126,#D1CEC6,#000000,NA,NA,NA,https://upload.wikimedia.org/wikipedia/en/thumb/5/51/CSUN_Matadors_logo.svg/188px-CSUN_Matadors_logo.svg.png,NA,Big West,CSUN
Dartmouth,Dartmouth,Dartmouth,0,#046A38,#000000,NA,NA,NA,NA,https://upload.wikimedia.org/wikipedia/commons/thumb/a/af/Dartmouth_College_Big_Green_logo.svg/189px-Dartmouth_College_Big_Green_logo.svg.png,NA,Ivy,Dartmouth
Davidson,Davidson,Davidson,0,#AC1A2F,#000000,NA,NA,NA,NA,https://upload.wikimedia.org/wikipedia/en/thumb/5/59/Davidson_Wildcats_logo.svg/240px-Davidson_Wildcats_logo.svg.png,NA,A-10,Davidson
Dayton,Dayton,Dayton,0,#CE1141,#004B8D,#F80228,#0200D1,NA,NA,https://upload.wikimedia.org/wikipedia/commons/thumb/d/d0/Dayton_Flyers_logo.svg/320px-Dayton_Flyers_logo.svg.png,NA,A-10,Dayton
Delaware,Delaware,Delaware,0,#00539F,#FFD200,NA,NA,NA,NA,https://upload.wikimedia.org/wikipedia/en/thumb/1/13/Delaware_Fightin%27_Blue_Hens_logo.svg/320px-Delaware_Fightin%27_Blue_Hens_logo.svg.png,NA,CAA,Delaware
Delaware State,Delaware St.,Delaware State,0.09920634920634919,#EE3124,#0099CC,NA,NA,NA,NA,https://upload.wikimedia.org/wikipedia/en/thumb/d/db/Delaware_State_Hornets_logo.svg/316px-Delaware_State_Hornets_logo.svg.png,NA,MEAC,Delaware State
DePaul,DePaul,DePaul,0,#005EB8,#E4002B,NA,NA,NA,NA,https://upload.wikimedia.org/wikipedia/en/thumb/7/79/DePaul_Blue_Demons_logo.svg/309px-DePaul_Blue_Demons_logo.svg.png,NA,Big East,DePaul
Detroit,Detroit Mercy,Detroit Mercy,0.15384615384615397,#A6093D,#002D72,#D7D2CB,NA,NA,NA,https://upload.wikimedia.org/wikipedia/en/thumb/a/a6/Detroit_Titans_logo.svg/320px-Detroit_Titans_logo.svg.png,NA,Horizon,Detroit
Detroit Mercy,Detroit Mercy,Detroit Mercy,0,#A6093D,#002D72,#D7D2CB,NA,NA,NA,https://upload.wikimedia.org/wikipedia/en/thumb/a/a6/Detroit_Titans_logo.svg/320px-Detroit_Titans_logo.svg.png,NA,Horizon,Detroit Mercy
Drake,Drake,Drake,0,#004477,#999999,NA,NA,NA,NA,https://upload.wikimedia.org/wikipedia/commons/thumb/c/c7/Drake_Bulldogs_%22D%22_logo.svg/261px-Drake_Bulldogs_%22D%22_logo.svg.png,NA,MVC,Drake
Duke,Duke,Duke,0,#001A57,#FFFFFF,#003366,#0736A4,#235F9C,NA,https://upload.wikimedia.org/wikipedia/commons/thumb/e/e1/Duke_Athletics_logo.svg/200px-Duke_Athletics_logo.svg.png,NA,ACC,Duke
Duquesne,Duquesne,Duquesne,0,#041E42,#BA0C2F,#000000,NA,NA,NA,https://upload.wikimedia.org/wikipedia/commons/thumb/8/84/Duquesne_Dukes.svg/115px-Duquesne_Dukes.svg.png,NA,A-10,Duquesne
East Carolina,East Carolina,ECU,0,#592A8A,#FDC82F,NA,NA,NA,NA,https://upload.wikimedia.org/wikipedia/en/thumb/c/c7/East_Carolina_Pirates_logo.svg/226px-East_Carolina_Pirates_logo.svg.png,NA,AAC,East Carolina
East Tenn. St.,ETSU,ETSU,0,#041E42,#FFC72C,NA,NA,NA,NA,https://upload.wikimedia.org/wikipedia/commons/thumb/a/ab/East_Tennessee_State_Buccaneers_logo.svg/241px-East_Tennessee_State_Buccaneers_logo.svg.png,NA,Southern,ETSU
Eastern Illinois,Eastern Ill.,E Illinois,0.13194444444444453,#003399,#B2B2B2,NA,NA,NA,NA,https://upload.wikimedia.org/wikipedia/en/thumb/8/86/Eastern_Illinois_Panthers_logo.svg/280px-Eastern_Illinois_Panthers_logo.svg.png,NA,OVC,Eastern Illinois
Eastern Kentucky,Eastern Ky.,E Kentucky,0.15530303030303028,#4C151E,#FFFFFF,NA,NA,NA,NA,https://upload.wikimedia.org/wikipedia/commons/thumb/b/b1/Eastern_Kentucky_Colonels_logo.svg/320px-Eastern_Kentucky_Colonels_logo.svg.png,NA,A-Sun,Eastern Kentucky
Eastern Michigan,Eastern Mich.,E Michigan,0.10897435897435892,#006633,#000000,NA,NA,NA,NA,https://upload.wikimedia.org/wikipedia/commons/thumb/c/c1/Eastern_Michigan_Eagles_logo.svg/211px-Eastern_Michigan_Eagles_logo.svg.png,NA,MAC,Eastern Michigan
Eastern Washington,Eastern Wash.,E Washington,0.1367521367521367,#A10022,#FFFFFF,#6D6E71,NA,NA,NA,https://upload.wikimedia.org/wikipedia/en/thumb/8/80/Eastern_Washington_Eagles_logo.svg/257px-Eastern_Washington_Eagles_logo.svg.png,NA,Big Sky,Eastern Washington
Elon,Elon,Elon,0,#73000A,#B59A57,NA,NA,NA,NA,https://upload.wikimedia.org/wikipedia/en/thumb/3/3c/Elon_Phoenix_logo.svg/310px-Elon_Phoenix_logo.svg.png,NA,CAA,Elon
Evansville,Evansville,Evansville,0,#52237F,#F36F21,NA,NA,NA,NA,https://upload.wikimedia.org/wikipedia/commons/thumb/4/44/Evansville_Purple_Aces_logo.svg/320px-Evansville_Purple_Aces_logo.svg.png,NA,MVC,Evansville
Fairfield,Fairfield,Fairfield,0,#C8102E,#A2AAAD,#000000,NA,NA,NA,https://upload.wikimedia.org/wikipedia/commons/thumb/0/0f/Fairfield_Stags_logo.svg/272px-Fairfield_Stags_logo.svg.png,NA,MAAC,Fairfield
Fairleigh Dickinson,Fairleigh Dickinson,Fair Dickinson,0,#A32638,#003F87,NA,NA,NA,NA,https://upload.wikimedia.org/wikipedia/en/thumb/7/77/FDU_Knights_logo.svg/176px-FDU_Knights_logo.svg.png,NA,NEC,Fairleigh Dickinson
FIU,FIU,FIU,0,#081E3F,#B6862C,NA,NA,NA,NA,https://upload.wikimedia.org/wikipedia/en/thumb/1/1d/FIU_Panthers_logo.svg/185px-FIU_Panthers_logo.svg.png,NA,C-USA,FIU
Florida,Florida,Florida,0,#0021A5,#FA4616,NA,NA,NA,NA,https://upload.wikimedia.org/wikipedia/en/thumb/1/14/Florida_Gators_gator_logo.svg/320px-Florida_Gators_gator_logo.svg.png,NA,SEC,Florida
Florida A&M,Florida A&M,Florida A&M,0,#F4811F,#008344,NA,NA,NA,NA,https://upload.wikimedia.org/wikipedia/commons/7/78/FAMU_Rattler.png,NA,SWAC,Florida A&M
Florida Atlantic,Fla. Atlantic,FAU,0,#003366,#CC0000,#8A8D8F,#CCCCCC,NA,NA,https://upload.wikimedia.org/wikipedia/en/thumb/4/40/Florida_Atlantic_Owls_logo.svg/320px-Florida_Atlantic_Owls_logo.svg.png,NA,C-USA,Fla. Atlantic
Florida Int'l,FIU,FIU,0,#081E3F,#B6862C,NA,NA,NA,NA,https://upload.wikimedia.org/wikipedia/en/thumb/1/1d/FIU_Panthers_logo.svg/185px-FIU_Panthers_logo.svg.png,NA,C-USA,FIU
Florida State,Florida St.,Florida State,0.10722610722610726,#782F40,#CEB888,#FFFFFF,#000000,NA,NA,https://upload.wikimedia.org/wikipedia/en/thumb/d/d5/Florida_State_Seminoles_logo.svg/235px-Florida_State_Seminoles_logo.svg.png,NA,ACC,Florida State
Fordham,Fordham,Fordham,0,#860038,#FFFFFF,NA,NA,NA,NA,https://upload.wikimedia.org/wikipedia/en/thumb/b/bb/Fordham_Rams_logo.svg/268px-Fordham_Rams_logo.svg.png,NA,A-10,Fordham
Fresno State,Fresno St.,Fresno State,0.1166666666666667,#DB0032,#002E6D,#007934,NA,NA,NA,https://upload.wikimedia.org/wikipedia/en/thumb/7/7c/Fresno_State_Bulldogs_logo.svg/320px-Fresno_State_Bulldogs_logo.svg.png,NA,MWC,Fresno State
Furman,Furman,Furman,0,#582C83,#FFFFFF,NA,NA,NA,NA,https://upload.wikimedia.org/wikipedia/commons/thumb/a/aa/Furman_Paladins_logo.svg/245px-Furman_Paladins_logo.svg.png,NA,Southern,Furman
Gardner-Webb,Gardner-Webb,Gardner-Webb,0,#A6192E,#000000,NA,NA,NA,NA,https://upload.wikimedia.org/wikipedia/en/thumb/c/ce/Gardner-Webb_Runnin%27_Bulldogs_logo.svg/320px-Gardner-Webb_Runnin%27_Bulldogs_logo.svg.png,NA,Big South,Gardner-Webb
George Mason,George Mason,George Mason,0,#006633,#FFCC33,#000000,NA,NA,NA,https://upload.wikimedia.org/wikipedia/en/thumb/f/f8/George_Mason_Patriots_logo.svg/287px-George_Mason_Patriots_logo.svg.png,NA,A-10,George Mason
George Washington,George Washington,G Washington,0,#E2CB92,#002654,NA,NA,NA,NA,https://upload.wikimedia.org/wikipedia/commons/thumb/a/aa/George_Washington_Colonials_logo.svg/320px-George_Washington_Colonials_logo.svg.png,NA,A-10,George Washington
Georgetown,Georgetown,Georgetown,0,#041E42,#8D817B,NA,NA,NA,NA,https://upload.wikimedia.org/wikipedia/commons/thumb/9/9f/Georgetown_Hoyas_logo.svg/239px-Georgetown_Hoyas_logo.svg.png,NA,Big East,Georgetown
Georgia,Georgia,Georgia,0,#BA0C2F,#000000,#FFFFFF,NA,NA,NA,https://upload.wikimedia.org/wikipedia/commons/thumb/8/80/Georgia_Athletics_logo.svg/320px-Georgia_Athletics_logo.svg.png,NA,SEC,Georgia
Georgia Southern,Ga. Southern,Ga Southern,0,#011E41,#A3AAAE,#87714D,NA,NA,NA,https://upload.wikimedia.org/wikipedia/en/thumb/2/2a/Georgia_Southern_Eagles_logo.svg/320px-Georgia_Southern_Eagles_logo.svg.png,NA,Sunbelt,Ga. Southern
Georgia State,Georgia St.,Georgia State,0.10722610722610726,#0039A6,#C60C30,#000000,NA,NA,NA,https://upload.wikimedia.org/wikipedia/en/thumb/3/3b/Georgia_State_Athletics_logo.svg/292px-Georgia_State_Athletics_logo.svg.png,NA,Sunbelt,Georgia State
Georgia Tech,Georgia Tech,Georgia Tech,0,#B3A369,#003057,#A28D5B,NA,NA,NA,https://upload.wikimedia.org/wikipedia/commons/thumb/b/bf/Georgia_Tech_Yellow_Jackets_logo.svg/320px-Georgia_Tech_Yellow_Jackets_logo.svg.png,NA,ACC,Georgia Tech
Gonzaga,Gonzaga,Gonzaga,0,#041E42,#C8102E,#C1C6C8,NA,NA,NA,https://upload.wikimedia.org/wikipedia/en/thumb/b/bd/Gonzaga_Bulldogs_logo.svg/301px-Gonzaga_Bulldogs_logo.svg.png,NA,WCC,Gonzaga
Grambling,Grambling,Grambling,0,#000000,#ECAA00,NA,NA,NA,NA,https://upload.wikimedia.org/wikipedia/commons/thumb/1/1b/Grambling_State_Tigers_logo.svg/320px-Grambling_State_Tigers_logo.svg.png,NA,SWAC,Grambling
Grand Canyon,Grand Canyon,Grand Canyon,0,#522398,#000000,NA,NA,NA,NA,https://upload.wikimedia.org/wikipedia/commons/thumb/c/cf/Grand_Canyon_Antelopes_logo.svg/320px-Grand_Canyon_Antelopes_logo.svg.png,NA,WAC,Grand Canyon
Hampton,Hampton,Hampton,0,#265198,#FFFFFF,NA,NA,NA,NA,https://upload.wikimedia.org/wikipedia/en/thumb/e/e3/Hampton_Pirates_logo.svg/218px-Hampton_Pirates_logo.svg.png,NA,Big South,Hampton
Hartford,Hartford,Hartford,0,#C02427,#0F0708,NA,NA,NA,NA,https://upload.wikimedia.org/wikipedia/en/thumb/8/86/Hartford_Hawks_logo.svg/259px-Hartford_Hawks_logo.svg.png,NA,Am. East,Hartford
Harvard,Harvard,Harvard,0,#A41034,#000000,#808285,#B6B6B6,NA,NA,https://upload.wikimedia.org/wikipedia/commons/thumb/7/76/Harvard_Crimson_logo.svg/203px-Harvard_Crimson_logo.svg.png,NA,Ivy,Harvard
Hawaii,Hawaii,Hawai'i,0,#024731,#C8C8C8,#000000,NA,NA,NA,https://upload.wikimedia.org/wikipedia/commons/thumb/d/de/Hawaii_Warriors_logo.svg/318px-Hawaii_Warriors_logo.svg.png,NA,Big West,Hawaii
High Point,High Point,High Point,0,#330072,#FFFFFF,NA,NA,NA,NA,https://upload.wikimedia.org/wikipedia/commons/thumb/2/2c/High_Point_Panthers_logo.svg/320px-High_Point_Panthers_logo.svg.png,NA,Big South,High Point
Hofstra,Hofstra,Hofstra,0,#FDC82F,#003591,NA,NA,NA,NA,https://upload.wikimedia.org/wikipedia/en/thumb/1/12/Hofstra_Pride_logo.svg/320px-Hofstra_Pride_logo.svg.png,NA,CAA,Hofstra
Holy Cross,Holy Cross,Holy Cross,0,#602D89,#FFFFFF,NA,NA,NA,NA,https://upload.wikimedia.org/wikipedia/commons/thumb/f/f5/Holy_Cross_Crusaders_logo.svg/204px-Holy_Cross_Crusaders_logo.svg.png,NA,Patriot,Holy Cross
Houston,Houston,Houston,0,#C8102E,#76232F,#B2B4B2,NA,NA,NA,https://upload.wikimedia.org/wikipedia/commons/thumb/e/e8/Houston_Cougars_primary_logo.svg/252px-Houston_Cougars_primary_logo.svg.png,NA,AAC,Houston
Houston Baptist,Houston Baptist,Houston Baptist,0,#00529C,#F85512,NA,NA,NA,NA,https://upload.wikimedia.org/wikipedia/en/thumb/b/b8/Houston_Baptist_Huskies_logo.svg/227px-Houston_Baptist_Huskies_logo.svg.png,NA,Southland,Houston Baptist
Howard,Howard,Howard,0,#003A63,#FFFFFF,NA,NA,NA,NA,https://upload.wikimedia.org/wikipedia/en/thumb/b/b4/Howard_Bison_logo.svg/186px-Howard_Bison_logo.svg.png,NA,MEAC,Howard
Idaho,Idaho,Idaho,0,#EAAB00,#86754D,#808080,#000000,NA,NA,https://upload.wikimedia.org/wikipedia/commons/thumb/0/03/Idaho_Vandals_logo.svg/216px-Idaho_Vandals_logo.svg.png,NA,Big Sky,Idaho
Idaho State,Idaho St.,Idaho State,0.12794612794612803,#000000,#F9A81A,NA,NA,NA,NA,https://upload.wikimedia.org/wikipedia/en/thumb/6/63/Idaho_State_Bengals_logo.svg/254px-Idaho_State_Bengals_logo.svg.png,NA,Big Sky,Idaho State
Illinois,Illinois,Illinois,0,#13294B,#E84A27,NA,NA,NA,NA,https://upload.wikimedia.org/wikipedia/commons/thumb/9/91/Illinois_Fighting_Illini_logo.svg/166px-Illinois_Fighting_Illini_logo.svg.png,NA,Big 10,Illinois
Illinois State,Illinois St.,Illinois State,0.09920634920634919,#CE1126,#F9DD16,#000000,NA,NA,NA,https://upload.wikimedia.org/wikipedia/en/thumb/f/f8/Illinois_State_Athletics_logo.svg/320px-Illinois_State_Athletics_logo.svg.png,NA,MVC,Illinois State
Illinois-Chicago,UIC,UIC,0,#AC1E2D,#041E42,#FACC09,NA,NA,NA,https://upload.wikimedia.org/wikipedia/commons/a/a3/UIC_Flames_wordmark.svg,NA,Horizon,UIC
Incarnate Word,UIW,Incarnate Word,0,#CB333B,#000000,NA,NA,NA,NA,https://upload.wikimedia.org/wikipedia/en/thumb/e/ea/Incarnate_Word_Cardinals_logo.svg/320px-Incarnate_Word_Cardinals_logo.svg.png,NA,Southland,UIW
Indiana,Indiana,Indiana,0,#990000,#EEEDEB,NA,NA,NA,NA,https://upload.wikimedia.org/wikipedia/commons/thumb/4/47/Indiana_Hoosiers_logo.svg/190px-Indiana_Hoosiers_logo.svg.png,NA,Big 10,Indiana
Indiana State,Indiana St.,Indiana State,0.10722610722610726,#0142BC,#FFFFFF,NA,NA,NA,NA,https://upload.wikimedia.org/wikipedia/en/thumb/7/7f/Indiana_State_Sycamores_logo.svg/320px-Indiana_State_Sycamores_logo.svg.png,NA,MVC,Indiana State
Iona,Iona,Iona,0,#6F2C3F,#F2A900,NA,NA,NA,NA,https://upload.wikimedia.org/wikipedia/commons/thumb/a/a2/Iona_College_Athletics_Primary_Logo.png/315px-Iona_College_Athletics_Primary_Logo.png,NA,MAAC,Iona
Iowa,Iowa,Iowa,0,#FFCD00,#000000,NA,NA,NA,NA,https://upload.wikimedia.org/wikipedia/en/thumb/7/7b/Iowa_Hawkeyes_logo.svg/320px-Iowa_Hawkeyes_logo.svg.png,NA,Big 10,Iowa
Iowa State,Iowa St.,Iowa State,0.1416666666666666,#C8102E,#F1BE48,NA,NA,NA,NA,https://upload.wikimedia.org/wikipedia/commons/thumb/f/f9/Iowa_State_Cyclones_logo.svg/320px-Iowa_State_Cyclones_logo.svg.png,NA,Big 12,Iowa State
IPFW,Purdue Fort Wayne,Fort Wayne,0,#002F6C,#000000,#63666A,#97999B,#BBBCBC,NA,https://upload.wikimedia.org/wikipedia/en/thumb/1/14/Purdue_Fort_Wayne_Mastodons_logo.svg/202px-Purdue_Fort_Wayne_Mastodons_logo.svg.png,NA,Summit,Purdue Fort Wayne
IUPUI,IUPUI,IUPUI,0,#9D2235,#DFD1A7,#000000,NA,NA,NA,https://upload.wikimedia.org/wikipedia/en/thumb/f/fb/IUPUI_Jaguars_logo.svg/300px-IUPUI_Jaguars_logo.svg.png,NA,Horizon,IUPUI
Jackson State,Jackson St.,Jackson State,0.10722610722610726,#002147,#FFFFFF,NA,NA,NA,NA,https://upload.wikimedia.org/wikipedia/commons/thumb/3/3c/Jackson_State_athletics_logo.svg/320px-Jackson_State_athletics_logo.svg.png,NA,SWAC,Jackson State
Jacksonville,Jacksonville,Jacksonville,0,#084E44,#FFFFFF,NA,NA,NA,NA,https://upload.wikimedia.org/wikipedia/commons/thumb/e/e3/Jacksonville_Dolphins_logo_2018.svg/320px-Jacksonville_Dolphins_logo_2018.svg.png,NA,A-Sun,Jacksonville
Jacksonville St.,Jacksonville St.,Jacksonville St,0,#004E44,#898A8D,#BBBBBB,#000000,NA,NA,https://upload.wikimedia.org/wikipedia/en/thumb/2/20/Jacksonville_State_Gamecocks_logo.svg/320px-Jacksonville_State_Gamecocks_logo.svg.png,NA,OVC,Jacksonville St.
James Madison,James Madison,JMU,0,#450084,#CBB677,NA,NA,NA,NA,https://upload.wikimedia.org/wikipedia/commons/thumb/6/6d/James_Madison_University_Athletics_logo.svg/320px-James_Madison_University_Athletics_logo.svg.png,NA,CAA,James Madison
Kansas,Kansas,Kansas,0,#0051BA,#E8000D,#FFC82D,#85898A,NA,NA,https://upload.wikimedia.org/wikipedia/en/thumb/f/f4/Kansas_Jayhawks_logo.svg/270px-Kansas_Jayhawks_logo.svg.png,NA,Big 12,Kansas
Kansas State,Kansas St.,Kansas State,0.1166666666666667,#512888,#D1D1D1,#A7A7A7,#FFFFFF,#000000,NA,https://upload.wikimedia.org/wikipedia/en/thumb/e/e5/Kansas_State_Wildcats_logo.svg/320px-Kansas_State_Wildcats_logo.svg.png,NA,Big 12,Kansas State
Kennesaw State,Kennesaw St.,Kennesaw State,0.09920634920634919,#FDBB30,#0B1315,#C5C6C8,NA,NA,NA,https://upload.wikimedia.org/wikipedia/commons/thumb/6/63/Kennesaw_State_Owls_logo.svg/254px-Kennesaw_State_Owls_logo.svg.png,NA,A-Sun,Kennesaw State
Kent State,Kent St.,Kent State,0.1416666666666666,#002664,#EAAB00,NA,NA,NA,NA,https://upload.wikimedia.org/wikipedia/en/thumb/a/a6/Kent_State_athletic_logo.svg/320px-Kent_State_athletic_logo.svg.png,NA,MAC,Kent State
Kentucky,Kentucky,Kentucky,0,#0033A0,#FFFFFF,#000000,NA,NA,NA,https://upload.wikimedia.org/wikipedia/commons/thumb/b/b6/Kentucky_Wildcats_logo.svg/293px-Kentucky_Wildcats_logo.svg.png,NA,SEC,Kentucky
La Salle,La Salle,La Salle,0,#FFCC00,#003366,NA,NA,NA,NA,https://upload.wikimedia.org/wikipedia/en/thumb/f/fb/La_Salle_Explorers_logo.svg/320px-La_Salle_Explorers_logo.svg.png,NA,A-10,La Salle
Lafayette,Lafayette,Lafayette,0,#910029,#A8996E,NA,NA,NA,NA,https://upload.wikimedia.org/wikipedia/en/thumb/8/8f/Lafayette_Leopards_logo.svg/320px-Lafayette_Leopards_logo.svg.png,NA,Patriot,Lafayette
Lamar,Lamar University,Lamar,0.22916666666666674,#E31937,#000000,NA,NA,NA,NA,https://upload.wikimedia.org/wikipedia/en/thumb/7/7a/Lamar_Cardinals_logo.svg/320px-Lamar_Cardinals_logo.svg.png,NA,WAC,Lamar
Lehigh,Lehigh,Lehigh,0,#4B2913,#FFFFFF,NA,NA,NA,NA,https://upload.wikimedia.org/wikipedia/en/thumb/6/65/LehighMountainHawks.svg/245px-LehighMountainHawks.svg.png,NA,Patriot,Lehigh
Liberty,Liberty,Liberty,0,#990000,#0A254E,NA,NA,NA,NA,https://upload.wikimedia.org/wikipedia/en/thumb/8/80/Liberty_Flames_logo.svg/266px-Liberty_Flames_logo.svg.png,NA,A-Sun,Liberty
Lipscomb,Lipscomb,Lipscomb,0,#331E54,#F4AA00,#000000,NA,NA,NA,https://upload.wikimedia.org/wikipedia/commons/1/1c/Lipscomb_L.png,NA,A-Sun,Lipscomb
LIU,LIU,LIU Brooklyn,0,#231F20,#8A8D8F,NA,NA,NA,NA,https://upload.wikimedia.org/wikipedia/en/thumb/3/3b/LIU_Brooklyn_Blackbirds_logo.svg/320px-LIU_Brooklyn_Blackbirds_logo.svg.png,NA,NEC,LIU
LIU Brooklyn,LIU,LIU Brooklyn,0.25,#231F20,#8A8D8F,NA,NA,NA,NA,https://upload.wikimedia.org/wikipedia/en/thumb/3/3b/LIU_Brooklyn_Blackbirds_logo.svg/320px-LIU_Brooklyn_Blackbirds_logo.svg.png,NA,NEC,LIU Brooklyn
Long Beach St.,Long Beach St.,Long Beach St,0,#FFC72A,#000000,NA,NA,NA,NA,https://upload.wikimedia.org/wikipedia/commons/thumb/2/29/Long_Beach_State_Athletics_logo.svg/197px-Long_Beach_State_Athletics_logo.svg.png,NA,Big West,Long Beach St.
Long Island,LIU,LIU Brooklyn,0,#231F20,#8A8D8F,NA,NA,NA,NA,https://upload.wikimedia.org/wikipedia/en/thumb/3/3b/LIU_Brooklyn_Blackbirds_logo.svg/320px-LIU_Brooklyn_Blackbirds_logo.svg.png,NA,NEC,LIU
Longwood,Longwood,Longwood,0,#041E42,#FFFFFF,NA,NA,NA,NA,https://upload.wikimedia.org/wikipedia/en/thumb/5/5f/Longwood_Lancers_logo.svg/320px-Longwood_Lancers_logo.svg.png,NA,Big South,Longwood
Louisiana Tech,Louisiana Tech,LA Tech,0,#E31B23,#A2AAAD,#111111,NA,NA,NA,https://upload.wikimedia.org/wikipedia/en/thumb/8/86/Louisiana_Tech_Athletics_logo.svg/320px-Louisiana_Tech_Athletics_logo.svg.png,NA,C-USA,Louisiana Tech
Louisville,Louisville,Louisville,0,#AD0000,#000000,#FDB913,#CCCCCC,NA,NA,https://upload.wikimedia.org/wikipedia/en/thumb/5/59/Louisville_Cardinals_logo.svg/218px-Louisville_Cardinals_logo.svg.png,NA,ACC,Louisville
Loyola (Ill.),Loyola Chicago,Loyola-Chicago,0,#922247,#FEBD18,NA,NA,NA,NA,https://upload.wikimedia.org/wikipedia/en/thumb/6/69/Loyola_Ramblers_logo.svg/301px-Loyola_Ramblers_logo.svg.png,NA,MVC,Loyola Chicago
Loyola (Md.),Loyola Maryland,Loyola (MD),0.21666666666666667,#00694E,#CACAC8,NA,NA,NA,NA,https://upload.wikimedia.org/wikipedia/commons/thumb/4/4a/Loyola_Greyhounds_logo.svg/186px-Loyola_Greyhounds_logo.svg.png,NA,Patriot,Loyola (Md.)
Loyola Marymount,LMU (CA),Loyola Mary,0,#B62B3A,#00447C,#617080,#231F20,NA,NA,https://upload.wikimedia.org/wikipedia/commons/thumb/6/62/LMU_Lions_logo.svg/320px-LMU_Lions_logo.svg.png,NA,WCC,LMU (CA)
LSU,LSU,LSU,0,#461D7C,#FDD023,NA,NA,NA,NA,https://upload.wikimedia.org/wikipedia/commons/thumb/4/4a/LSU_Athletics_logo.svg/220px-LSU_Athletics_logo.svg.png,NA,SEC,LSU
Maine,Maine,Maine,0,#003263,#B0D7FF,#AB0634,#908C89,#000000,NA,https://upload.wikimedia.org/wikipedia/en/thumb/d/d3/Maine_Black_Bears_logo.svg/313px-Maine_Black_Bears_logo.svg.png,NA,Am. East,Maine
Manhattan,Manhattan,Manhattan,0,#00703C,#FFFFFF,NA,NA,NA,NA,https://upload.wikimedia.org/wikipedia/commons/thumb/0/06/Manhattan_Jaspers_logo.svg/287px-Manhattan_Jaspers_logo.svg.png,NA,MAAC,Manhattan
Marist,Marist,Marist,0,#C8102E,#B2B2B2,#000000,NA,NA,NA,https://upload.wikimedia.org/wikipedia/en/thumb/5/5b/Marist_Red_Foxes_logo.svg/320px-Marist_Red_Foxes_logo.svg.png,NA,MAAC,Marist
Marquette,Marquette,Marquette,0,#003366,#FFCC00,NA,NA,NA,NA,https://upload.wikimedia.org/wikipedia/commons/thumb/e/e8/Marquette_Golden_Eagles_logo.svg/320px-Marquette_Golden_Eagles_logo.svg.png,NA,Big East,Marquette
Marshall,Marshall,Marshall,0,#00B140,#A2AAAD,#693F23,#AD7C59,#27251F,NA,https://upload.wikimedia.org/wikipedia/commons/thumb/4/4f/Marshall_Thundering_Herd_logo.svg/320px-Marshall_Thundering_Herd_logo.svg.png,NA,C-USA,Marshall
Maryland,Maryland,Maryland,0,#E03A3E,#FFD520,#FFFFFF,#000000,NA,NA,https://upload.wikimedia.org/wikipedia/commons/thumb/a/a6/Maryland_Terrapins_logo.svg/219px-Maryland_Terrapins_logo.svg.png,NA,Big 10,Maryland
Maryland-Eastern Shore,UMES,MD-E Shore,0,#822433,#8B8D8E,NA,NA,NA,NA,https://upload.wikimedia.org/wikipedia/en/thumb/6/65/Maryland_Eastern_Shore_Hawks_logo.svg/320px-Maryland_Eastern_Shore_Hawks_logo.svg.png,NA,MEAC,UMES
McNeese State,McNeese,Mcneese,0.15384615384615397,#00529B,#FFD204,NA,NA,NA,NA,https://upload.wikimedia.org/wikipedia/en/thumb/f/f7/McNeese_State_Athletics_logo.svg/224px-McNeese_State_Athletics_logo.svg.png,NA,Southland,McNeese State
Memphis,Memphis,Memphis,0,#003087,#898D8D,NA,NA,NA,NA,https://upload.wikimedia.org/wikipedia/en/thumb/4/45/Memphis_Tigers_logo.svg/276px-Memphis_Tigers_logo.svg.png,NA,AAC,Memphis
Mercer,Mercer,Mercer,0,#CB5307,#000000,NA,NA,NA,NA,https://upload.wikimedia.org/wikipedia/en/thumb/f/fa/Mercer_Bears_logo.svg/312px-Mercer_Bears_logo.svg.png,NA,Southern,Mercer
Miami,Miami (FL),Miami,0,#F47321,#005030,#FFFFFF,NA,NA,NA,https://upload.wikimedia.org/wikipedia/commons/thumb/e/e9/Miami_Hurricanes_logo.svg/320px-Miami_Hurricanes_logo.svg.png,NA,ACC,Miami (FL)
Miami (Fla.),Miami (FL),Miami,0,#F47321,#005030,#FFFFFF,NA,NA,NA,https://upload.wikimedia.org/wikipedia/commons/thumb/e/e9/Miami_Hurricanes_logo.svg/320px-Miami_Hurricanes_logo.svg.png,NA,ACC,Miami (FL)
Miami (Ohio),Miami (OH),Miami (OH),0,#B61E2E,#000000,NA,NA,NA,NA,https://upload.wikimedia.org/wikipedia/commons/thumb/b/b4/Miami_Redhawks_logo.svg/317px-Miami_Redhawks_logo.svg.png,NA,MAC,Miami (OH)
Michigan,Michigan,Michigan,0,#00274C,#FFCB05,NA,NA,NA,NA,https://upload.wikimedia.org/wikipedia/commons/thumb/f/fb/Michigan_Wolverines_logo.svg/320px-Michigan_Wolverines_logo.svg.png,NA,Big 10,Michigan
Michigan State,Michigan St.,Michigan State,0.09920634920634919,#18453B,#FFFFFF,NA,NA,NA,NA,https://upload.wikimedia.org/wikipedia/en/thumb/a/a7/Michigan_State_Athletics_logo.svg/208px-Michigan_State_Athletics_logo.svg.png,NA,Big 10,Michigan State
Mid. Tenn. State,Middle Tenn.,Mid Tennessee,0.28055555555555567,#0066CC,#69B3E7,NA,NA,NA,NA,https://upload.wikimedia.org/wikipedia/commons/e/ea/Middle_Tennessee_MT_Logomark.svg,NA,C-USA,Mid. Tenn. State
Milwaukee,Milwaukee,Milwaukee,0,#FFBD00,#CCCCCC,NA,NA,NA,NA,https://upload.wikimedia.org/wikipedia/en/thumb/b/b0/Wisconsin%E2%80%93Milwaukee_Panthers_head_logo.svg/320px-Wisconsin%E2%80%93Milwaukee_Panthers_head_logo.svg.png,NA,Horizon,Milwaukee
Minnesota,Minnesota,Minnesota,0,#7A0019,#FFCC33,NA,NA,NA,NA,https://upload.wikimedia.org/wikipedia/commons/thumb/f/f9/Minnesota_Golden_Gophers_logo.svg/320px-Minnesota_Golden_Gophers_logo.svg.png,NA,Big 10,Minnesota
Miss State,Mississippi St.,Miss St,0,#660000,#FFFFFF,#CCCCCC,#75787B,NA,NA,https://upload.wikimedia.org/wikipedia/commons/thumb/3/36/Mississippi_State_Bulldogs_logo.svg/320px-Mississippi_State_Bulldogs_logo.svg.png,NA,SEC,Mississippi St.
Mississippi,Ole Miss,Ole Miss,0,#CE1126,#14213D,#FFFFFF,NA,NA,NA,https://upload.wikimedia.org/wikipedia/commons/thumb/b/bf/Ole_Miss_Rebels_logo.svg/320px-Ole_Miss_Rebels_logo.svg.png,NA,SEC,Ole Miss
Mississippi St.,Mississippi St.,Miss St,0,#660000,#FFFFFF,#CCCCCC,#75787B,NA,NA,https://upload.wikimedia.org/wikipedia/commons/thumb/3/36/Mississippi_State_Bulldogs_logo.svg/320px-Mississippi_State_Bulldogs_logo.svg.png,NA,SEC,Mississippi St.
Mississippi Valley,Mississippi Val.,Miss Valley St,0.07638888888888884,#046A38,#FFFFFF,NA,NA,NA,NA,https://i.imgur.com/TOQFibH.jpg,NA,SWAC,Mississippi Valley
Missouri,Missouri,Missouri,0,#000000,#F1B82D,NA,NA,NA,NA,https://upload.wikimedia.org/wikipedia/en/thumb/2/2c/Missouri_Tigers_logo.svg/320px-Missouri_Tigers_logo.svg.png,NA,SEC,Missouri
Missouri State,Missouri St.,Missouri State,0.09920634920634919,#5E0009,#000000,NA,NA,NA,NA,https://upload.wikimedia.org/wikipedia/en/thumb/4/4e/Missouri_State_Athletics_logo.svg/274px-Missouri_State_Athletics_logo.svg.png,NA,MVC,Missouri State
Monmouth,Monmouth,Monmouth,0,#041E42,#53565A,NA,NA,NA,NA,https://upload.wikimedia.org/wikipedia/en/thumb/1/18/Monmouth_Hawks.svg/309px-Monmouth_Hawks.svg.png,NA,MAAC,Monmouth
Montana,Montana,Montana,0,#999999,#999999,NA,NA,NA,NA,https://upload.wikimedia.org/wikipedia/commons/thumb/3/3b/Montana_Griz_logo.svg/320px-Montana_Griz_logo.svg.png,NA,Big Sky,Montana
Montana State,Montana St.,Montana State,0.10722610722610726,#B9975B,#B9975B,NA,NA,NA,NA,https://upload.wikimedia.org/wikipedia/en/thumb/2/2f/Montana_State_Bobcats_logo.svg/320px-Montana_State_Bobcats_logo.svg.png,NA,Big Sky,Montana State
Morehead State,Morehead St.,Morehead State,0.09920634920634919,#005EB8,#FFCF00,NA,NA,NA,NA,https://upload.wikimedia.org/wikipedia/en/thumb/1/12/Morehead_State_Eagles_logo.svg/243px-Morehead_State_Eagles_logo.svg.png,NA,OVC,Morehead State
Morgan State,Morgan St.,Morgan State,0.1166666666666667,#002D74,#FF4E00,NA,NA,NA,NA,https://upload.wikimedia.org/wikipedia/en/thumb/8/8f/Morgan_State_Bears_logo.svg/320px-Morgan_State_Bears_logo.svg.png,NA,MEAC,Morgan State
Mount St. Mary's,Mount St. Mary's,Mt St Mary's,0,#002F6C,#FFFFFF,NA,NA,NA,NA,https://upload.wikimedia.org/wikipedia/en/thumb/7/7b/Mount_St._Mary%27s_Mountaineers_logo.svg/320px-Mount_St._Mary%27s_Mountaineers_logo.svg.png,NA,NEC,Mount St. Mary's
Murray State,Murray St.,Murray State,0.1166666666666667,#002144,#ECAC00,NA,NA,NA,NA,https://upload.wikimedia.org/wikipedia/en/thumb/c/c9/Murray_State_Racers_logo.svg/227px-Murray_State_Racers_logo.svg.png,NA,OVC,Murray State
N. Carolina A&T,N.C. A&T,NC A&T,0,#004684,#FDB927,NA,NA,NA,NA,https://upload.wikimedia.org/wikipedia/commons/thumb/4/42/North_Carolina_A%26T_Aggies_logo.svg/198px-North_Carolina_A%26T_Aggies_logo.svg.png,NA,MEAC,N.C. A&T
N.C. Central,N.C. Central,NC Central,0,#862633,#898D8D,NA,NA,NA,NA,https://upload.wikimedia.org/wikipedia/en/a/ae/NCCU_Eagles_logo.png,NA,MEAC,N.C. Central
Navy,Navy,Navy,0,#00205B,#C5B783,NA,NA,NA,NA,https://upload.wikimedia.org/wikipedia/commons/thumb/a/a5/Navy_Athletics_logo.svg/195px-Navy_Athletics_logo.svg.png,NA,Patriot,Navy
NC State,NC State,NC State,0,#CC0000,#000000,#FFFFFF,NA,NA,NA,https://upload.wikimedia.org/wikipedia/commons/thumb/e/e1/North_Carolina_State_University_Athletic_logo.svg/202px-North_Carolina_State_University_Athletic_logo.svg.png,NA,ACC,NC State
Nebraska,Nebraska,Nebraska,0,#E41C38,#5F6A72,#000000,NA,NA,NA,https://upload.wikimedia.org/wikipedia/commons/thumb/e/e5/Nebraska_Cornhuskers_logo.svg/240px-Nebraska_Cornhuskers_logo.svg.png,NA,Big 10,Nebraska
Nebraska-Omaha,Omaha,Omaha,0,#000000,#D71920,#636568,NA,NA,NA,https://upload.wikimedia.org/wikipedia/commons/thumb/7/73/Omaha_Mavericks_logo.svg/246px-Omaha_Mavericks_logo.svg.png,NA,Summit,Omaha
Nevada,Nevada,Nevada,0,#003366,#807F84,NA,NA,NA,NA,https://upload.wikimedia.org/wikipedia/en/thumb/2/21/Nevada_Wolf_Pack_logo.svg/320px-Nevada_Wolf_Pack_logo.svg.png,NA,MWC,Nevada
New Hampshire,New Hampshire,UNH,0,#041E42,#BBBCBC,NA,NA,NA,NA,https://upload.wikimedia.org/wikipedia/en/thumb/6/62/New_Hampshire_Wildcats_logo.svg/284px-New_Hampshire_Wildcats_logo.svg.png,NA,Am. East,New Hampshire
New Jersey Institute,NJIT,NJIT,0,#D22630,#071D49,#C1C6C8,NA,NA,NA,https://upload.wikimedia.org/wikipedia/en/thumb/3/30/NJIT_Highlanders_logo.svg/274px-NJIT_Highlanders_logo.svg.png,NA,Am. East,NJIT
New Mexico,New Mexico,New Mexico,0,#BA0C2F,#A7A8AA,#63666A,#007A86,#000000,NA,https://upload.wikimedia.org/wikipedia/en/thumb/4/45/New_Mexico_Lobos_logo.svg/195px-New_Mexico_Lobos_logo.svg.png,NA,MWC,New Mexico
New Mexico St.,New Mexico St.,New Mexico St,0,#861F41,#97999B,#000000,NA,NA,NA,https://upload.wikimedia.org/wikipedia/en/thumb/c/c8/New_Mexico_State_Aggies_logo.svg/320px-New_Mexico_State_Aggies_logo.svg.png,NA,WAC,New Mexico St.
New Orleans,New Orleans,New Orleans,0,#005CA6,#A3A9AD,NA,NA,NA,NA,https://upload.wikimedia.org/wikipedia/en/thumb/2/27/New_Orleans_Privateers_logo.svg/278px-New_Orleans_Privateers_logo.svg.png,NA,Southland,New Orleans
Niagara,Niagara,Niagara,0,#582C83,#FFFFFF,NA,NA,NA,NA,https://upload.wikimedia.org/wikipedia/en/thumb/4/44/Niagara_Purple_Eagles.svg/320px-Niagara_Purple_Eagles.svg.png,NA,MAAC,Niagara
Nicholls State,Nicholls St.,Nicholls,0.09920634920634919,#C41230,#B2B2B2,NA,NA,NA,NA,https://upload.wikimedia.org/wikipedia/en/thumb/b/bb/Nicholls_State_Colonels_logo.svg/320px-Nicholls_State_Colonels_logo.svg.png,NA,Southland,Nicholls State
Nicholls State University,Nicholls St.,Nicholls,0.21444444444444455,#C41230,#B2B2B2,NA,NA,NA,NA,https://upload.wikimedia.org/wikipedia/en/thumb/b/bb/Nicholls_State_Colonels_logo.svg/320px-Nicholls_State_Colonels_logo.svg.png,NA,Southland,Nicholls State University
Norfolk State,Norfolk St.,Norfolk State,0.10722610722610726,#007A53,#F2A900,NA,NA,NA,NA,https://upload.wikimedia.org/wikipedia/en/thumb/7/78/Norfork_State_Spartans_logo.svg/240px-Norfork_State_Spartans_logo.svg.png,NA,MEAC,Norfolk State
North Carolina,North Carolina,UNC,0,#7BAFD4,#FFFFFF,#13294B,#000000,#8D9092,#A2AAAD,https://upload.wikimedia.org/wikipedia/commons/thumb/d/d7/North_Carolina_Tar_Heels_logo.svg/304px-North_Carolina_Tar_Heels_logo.svg.png,NA,ACC,North Carolina
North Carolina St.,NC State,NC State,0,#CC0000,#000000,#FFFFFF,NA,NA,NA,https://upload.wikimedia.org/wikipedia/commons/thumb/e/e1/North_Carolina_State_University_Athletic_logo.svg/202px-North_Carolina_State_University_Athletic_logo.svg.png,NA,ACC,NC State
North Dakota,North Dakota,North Dakota,0,#009A44,#FFFFFF,NA,NA,NA,NA,https://upload.wikimedia.org/wikipedia/en/thumb/9/92/North_Dakota_Fighting_Hawks_logo.svg/320px-North_Dakota_Fighting_Hawks_logo.svg.png,NA,Summit,North Dakota
North Dakota St.,North Dakota St.,North Dakota St,0,#0A5640,#FFC72A,NA,NA,NA,NA,https://upload.wikimedia.org/wikipedia/en/thumb/7/74/North_Dakota_State_Bison_logo.svg/320px-North_Dakota_State_Bison_logo.svg.png,NA,Summit,North Dakota St.
North Dakota State,North Dakota St.,North Dakota St,0.07638888888888884,#0A5640,#FFC72A,NA,NA,NA,NA,https://upload.wikimedia.org/wikipedia/en/thumb/7/74/North_Dakota_State_Bison_logo.svg/320px-North_Dakota_State_Bison_logo.svg.png,NA,Summit,North Dakota State
North Florida,North Florida,North Florida,0,#00246B,#D9D9D9,NA,NA,NA,NA,https://upload.wikimedia.org/wikipedia/en/thumb/a/ac/North_Florida_Ospreys_logo.svg/320px-North_Florida_Ospreys_logo.svg.png,NA,A-Sun,North Florida
North Texas,North Texas,North Texas,0,#00853E,#000000,NA,NA,NA,NA,https://upload.wikimedia.org/wikipedia/en/thumb/a/a2/North_Texas_Mean_Green_logo.svg/215px-North_Texas_Mean_Green_logo.svg.png,NA,C-USA,North Texas
Northeastern,Northeastern,Northeastern,0,#E50000,#000000,NA,NA,NA,NA,https://upload.wikimedia.org/wikipedia/en/thumb/4/4d/Northeastern_Huskies_primary_logo.svg/245px-Northeastern_Huskies_primary_logo.svg.png,NA,CAA,Northeastern
Northern Arizona,Northern Ariz.,N Arizona,0.08630952380952372,#FFD200,#FBB040,NA,NA,NA,NA,https://upload.wikimedia.org/wikipedia/commons/thumb/4/4f/Northern_Arizona_Athletics_logo.svg/320px-Northern_Arizona_Athletics_logo.svg.png,NA,Big Sky,Northern Arizona
Northern Colorado,Northern Colo.,N Colorado,0.10224089635854339,#F6B000,#F6B000,NA,NA,NA,NA,https://upload.wikimedia.org/wikipedia/en/thumb/f/f9/Northern_Colorado_Bears_logo.svg/239px-Northern_Colorado_Bears_logo.svg.png,NA,Big Sky,Northern Colorado
Northern Illinois,Northern Ill.,N Illinois,0.12368024132730016,#BA0C2F,#8A8D8F,#000000,NA,NA,NA,https://upload.wikimedia.org/wikipedia/en/thumb/8/87/Northern_Illinois_Huskies_logo.svg/246px-Northern_Illinois_Huskies_logo.svg.png,NA,MAC,Northern Illinois
Northern Iowa,UNI,Northern Iowa,0,#4B116F,#FFCC00,NA,NA,NA,NA,https://upload.wikimedia.org/wikipedia/en/thumb/8/86/Northern_Iowa_Panters_logo.svg/320px-Northern_Iowa_Panters_logo.svg.png,NA,MVC,UNI
Northern Kentucky,Northern Ky.,N Kentucky,0.14542483660130734,#FFC72C,#000000,NA,NA,NA,NA,https://upload.wikimedia.org/wikipedia/en/thumb/4/45/Northern_Kentucky_Norse_logo.svg/320px-Northern_Kentucky_Norse_logo.svg.png,NA,Horizon,Northern Kentucky
Northwestern,Northwestern,Northwestern,0,#4E2A84,#FFFFFF,NA,NA,NA,NA,https://upload.wikimedia.org/wikipedia/commons/thumb/7/7c/Northwestern_Wildcats_logo.svg/156px-Northwestern_Wildcats_logo.svg.png,NA,Big 10,Northwestern
Northwestern St.,Northwestern St.,Northwestern St,0,#492F92,#F78426,NA,NA,NA,NA,https://upload.wikimedia.org/wikipedia/commons/thumb/0/0f/Northwestern_State_Demons_wordmark.svg/320px-Northwestern_State_Demons_wordmark.svg.png,NA,Southland,Northwestern St.
Notre Dame,Notre Dame,Notre Dame,0,#0C2340,#C99700,#AE9142,#00843D,NA,NA,https://upload.wikimedia.org/wikipedia/commons/thumb/f/f5/Notre_Dame_Fighting_Irish_logo.svg/267px-Notre_Dame_Fighting_Irish_logo.svg.png,NA,ACC,Notre Dame
Oakland,Oakland,Oakland,0,#B59A57,#000000,NA,NA,NA,NA,https://upload.wikimedia.org/wikipedia/en/thumb/8/86/Oakland_Golden_Grizzlies_logo.svg/303px-Oakland_Golden_Grizzlies_logo.svg.png,NA,Horizon,Oakland
Ohio,Ohio,Ohio,0,#00694E,#CDA077,NA,NA,NA,NA,https://upload.wikimedia.org/wikipedia/en/thumb/7/78/Ohio_Bobcats_logo.svg/279px-Ohio_Bobcats_logo.svg.png,NA,MAC,Ohio
Ohio State,Ohio St.,Ohio State,0.1416666666666666,#BB0000,#666666,NA,NA,NA,NA,https://upload.wikimedia.org/wikipedia/commons/thumb/c/c1/Ohio_State_Buckeyes_logo.svg/244px-Ohio_State_Buckeyes_logo.svg.png,NA,Big 10,Ohio State
Ohio U.,Ohio,Ohio,0,#00694E,#CDA077,NA,NA,NA,NA,https://upload.wikimedia.org/wikipedia/en/thumb/7/78/Ohio_Bobcats_logo.svg/279px-Ohio_Bobcats_logo.svg.png,NA,MAC,Ohio
Oklahoma,Oklahoma,Oklahoma,0,#841617,#FDF9D8,NA,NA,NA,NA,https://upload.wikimedia.org/wikipedia/commons/thumb/6/61/Oklahoma_Sooners_logo.svg/186px-Oklahoma_Sooners_logo.svg.png,NA,Big 12,Oklahoma
Oklahoma State,Oklahoma St.,Oklahoma State,0.09920634920634919,#FF7300,#000000,#FF9900,#BEBEBE,NA,NA,https://upload.wikimedia.org/wikipedia/commons/thumb/0/01/Oklahoma_State_University_system_logo.svg/320px-Oklahoma_State_University_system_logo.svg.png,NA,Big 12,Oklahoma State
Ole Miss,Ole Miss,Ole Miss,0,#CE1126,#14213D,#FFFFFF,NA,NA,NA,https://upload.wikimedia.org/wikipedia/commons/thumb/b/bf/Ole_Miss_Rebels_logo.svg/320px-Ole_Miss_Rebels_logo.svg.png,NA,SEC,Ole Miss
Oral Roberts,Oral Roberts,Oral Roberts,0,#002F60,#C5B783,#A28E2A,NA,NA,NA,https://upload.wikimedia.org/wikipedia/en/thumb/d/d8/Oral_Roberts_Golden_Eagles_logo.svg/320px-Oral_Roberts_Golden_Eagles_logo.svg.png,NA,Summit,Oral Roberts
Oregon,Oregon,Oregon,0,#154733,#FEE123,NA,NA,NA,NA,https://upload.wikimedia.org/wikipedia/commons/thumb/f/f8/Oregon_Ducks_logo.svg/290px-Oregon_Ducks_logo.svg.png,NA,Pac 12,Oregon
Oregon State,Oregon St.,Oregon State,0.1166666666666667,#DC4405,#000000,#FFFFFF,NA,NA,NA,https://upload.wikimedia.org/wikipedia/en/thumb/1/1b/Oregon_State_Beavers_logo.svg/320px-Oregon_State_Beavers_logo.svg.png,NA,Pac 12,Oregon State
Pacific,Pacific,Pacific,0,#E35205,#231F20,#D86018,#949A90,NA,NA,https://upload.wikimedia.org/wikipedia/en/thumb/5/5e/Pacific_Tigers_logo.svg/320px-Pacific_Tigers_logo.svg.png,NA,WCC,Pacific
Penn,Penn,Penn,0,#990000,#011F5B,NA,NA,NA,NA,https://upload.wikimedia.org/wikipedia/commons/thumb/c/c7/Penn_Quakers_logo.svg/197px-Penn_Quakers_logo.svg.png,NA,Ivy,Penn
Penn State,Penn St.,Penn State,0.1416666666666666,#093162,#FFFFFF,NA,NA,NA,NA,https://upload.wikimedia.org/wikipedia/en/thumb/3/3a/Penn_State_Nittany_Lions_logo.svg/320px-Penn_State_Nittany_Lions_logo.svg.png,NA,Big 10,Penn State
Pepperdine,Pepperdine,Pepperdine,0,#00205C,#EE7624,NA,NA,NA,NA,https://upload.wikimedia.org/wikipedia/commons/thumb/f/f2/Pepperdine_Waves_logo.svg/226px-Pepperdine_Waves_logo.svg.png,NA,WCC,Pepperdine
Pittsburgh,Pittsburgh,Pitt,0,#1C2957,#CDB87D,NA,NA,NA,NA,https://upload.wikimedia.org/wikipedia/commons/thumb/4/44/Pitt_Panthers_wordmark.svg/320px-Pitt_Panthers_wordmark.svg.png,NA,ACC,Pittsburgh
Portland,Portland,Portland,0,#1E1656,#5E6A71,NA,NA,NA,NA,https://upload.wikimedia.org/wikipedia/commons/thumb/3/3f/Portland_Pilots_logo.svg/213px-Portland_Pilots_logo.svg.png,NA,WCC,Portland
Portland State,Portland St.,Portland State,0.09920634920634919,#154734,#FFFFFF,#373A36,#2C2A29,NA,NA,https://upload.wikimedia.org/wikipedia/commons/thumb/4/48/Portland_State_Vikings_logo.svg/186px-Portland_State_Vikings_logo.svg.png,NA,Big Sky,Portland State
Prairie View,Prairie View,PV A&M,0,#330066,#FFCC33,NA,NA,NA,NA,https://upload.wikimedia.org/wikipedia/en/thumb/0/05/Prairie_View_A%26M_Panthers_logo.svg/320px-Prairie_View_A%26M_Panthers_logo.svg.png,NA,SWAC,Prairie View
Princeton,Princeton,Princeton,0,#FF671F,#000000,NA,NA,NA,NA,https://upload.wikimedia.org/wikipedia/commons/thumb/e/e0/Princeton_Tigers_logo.svg/210px-Princeton_Tigers_logo.svg.png,NA,Ivy,Princeton
Providence,Providence,Providence,0,#000000,#8A8D8F,#FFFFFF,NA,NA,NA,https://upload.wikimedia.org/wikipedia/commons/5/5f/Providence_Friars_P_script_logo.gif,NA,Big East,Providence
Purdue,Purdue,Purdue,0,#CEB888,#000000,#9D968D,#373A36,NA,NA,https://upload.wikimedia.org/wikipedia/commons/thumb/3/35/Purdue_Boilermakers_logo.svg/320px-Purdue_Boilermakers_logo.svg.png,NA,Big 10,Purdue
Purdue Fort Wayne,Purdue Fort Wayne,Fort Wayne,0,#002F6C,#000000,#63666A,#97999B,#BBBCBC,NA,https://upload.wikimedia.org/wikipedia/en/thumb/1/14/Purdue_Fort_Wayne_Mastodons_logo.svg/202px-Purdue_Fort_Wayne_Mastodons_logo.svg.png,NA,Summit,Purdue Fort Wayne
Quinnipiac,Quinnipiac,Quinnipiac,0,#0A2240,#FFB819,NA,NA,NA,NA,https://upload.wikimedia.org/wikipedia/en/2/2c/Quinnipiac_Bobcats_logo.svg,NA,MAAC,Quinnipiac
Radford,Radford,Radford,0,#C2011B,#808285,NA,NA,NA,NA,https://upload.wikimedia.org/wikipedia/commons/thumb/a/ab/Radford_Highlanders_logo.svg/284px-Radford_Highlanders_logo.svg.png,NA,Big South,Radford
Rhode Island,Rhode Island,URI,0,#68ABE8,#002147,NA,NA,NA,NA,https://upload.wikimedia.org/wikipedia/commons/thumb/8/80/Rhode_Island_Rams_logo.svg/187px-Rhode_Island_Rams_logo.svg.png,NA,A-10,Rhode Island
Rice,Rice,Rice,0,#00205B,#C1C6C8,NA,NA,NA,NA,https://upload.wikimedia.org/wikipedia/commons/thumb/b/bc/Rice_Owls_logo.svg/200px-Rice_Owls_logo.svg.png,NA,C-USA,Rice
Richmond,Richmond,Richmond,0,#000066,#990000,NA,NA,NA,NA,https://upload.wikimedia.org/wikipedia/en/thumb/c/c3/Richmond_Spiders_logo.svg/175px-Richmond_Spiders_logo.svg.png,NA,A-10,Richmond
Rider,Rider,Rider,0,#981E32,#6C6F70,NA,NA,NA,NA,https://upload.wikimedia.org/wikipedia/en/thumb/6/62/Rider_Broncs.svg/320px-Rider_Broncs.svg.png,NA,MAAC,Rider
Robert Morris,Robert Morris,Robert Morris,0,#14234B,#A6192E,NA,NA,NA,NA,https://upload.wikimedia.org/wikipedia/en/thumb/a/af/Robert_Morris_Colonials_logo.svg/208px-Robert_Morris_Colonials_logo.svg.png,NA,NEC,Robert Morris
Rutgers,Rutgers,Rutgers,0,#CC0033,#5F6A72,#000000,NA,NA,NA,https://upload.wikimedia.org/wikipedia/commons/thumb/b/b6/Rutgers_Scarlet_Knights_logo.svg/270px-Rutgers_Scarlet_Knights_logo.svg.png,NA,Big 10,Rutgers
Sacramento St.,Sacramento St.,Sacramento St,0,#043927,#C4B581,NA,NA,NA,NA,https://upload.wikimedia.org/wikipedia/commons/6/61/Sacramento_State_Hornets_logo.svg,NA,Big Sky,Sacramento St.
Sacred Heart,Sacred Heart,Sacred Heart,0,#CD1041,#FFFFFF,NA,NA,NA,NA,https://upload.wikimedia.org/wikipedia/commons/thumb/c/c4/Sacred_Heart_Pioneers_logo.svg/320px-Sacred_Heart_Pioneers_logo.svg.png,NA,NEC,Sacred Heart
Saint Francis (Pa.),Saint Francis (PA),St Francis (PA),0.05360623781676421,#BD1F25,#FFFFFF,NA,NA,NA,NA,https://upload.wikimedia.org/wikipedia/commons/thumb/1/10/Saint_Francis_Red_Flash_logo.svg/320px-Saint_Francis_Red_Flash_logo.svg.png,NA,NEC,Saint Francis (Pa.)
Saint Francis University,Saint Francis (PA),St Francis (PA),0.21296296296296302,#BD1F25,#FFFFFF,NA,NA,NA,NA,https://upload.wikimedia.org/wikipedia/commons/thumb/1/10/Saint_Francis_Red_Flash_logo.svg/320px-Saint_Francis_Red_Flash_logo.svg.png,NA,NEC,Saint Francis University
Saint Louis,Saint Louis,Saint Louis,0,#003DA5,#C8C9C7,NA,NA,NA,NA,https://upload.wikimedia.org/wikipedia/en/thumb/0/03/Saint_Louis_Billikens_logo.svg/249px-Saint_Louis_Billikens_logo.svg.png,NA,A-10,Saint Louis
Sam Houston,Sam Houston St.,Sam Houston,0.0888888888888889,#F78E1E,#004990,NA,NA,NA,NA,https://upload.wikimedia.org/wikipedia/en/d/de/SHSU_athletics_logo.svg,NA,WAC,Sam Houston
Sam Houston St.,Sam Houston St.,Sam Houston,0,#F78E1E,#004990,NA,NA,NA,NA,https://upload.wikimedia.org/wikipedia/en/d/de/SHSU_athletics_logo.svg,NA,WAC,Sam Houston St.
Samford,Samford,Samford,0,#C4161D,#002649,NA,NA,NA,NA,https://upload.wikimedia.org/wikipedia/en/thumb/b/b9/Samford_Bulldogs_logo.svg/320px-Samford_Bulldogs_logo.svg.png,NA,Southern,Samford
San Diego,San Diego,San Diego,0,#002868,#84BCE8,#207BC1,NA,NA,NA,https://upload.wikimedia.org/wikipedia/commons/7/7e/San_Diego_Toreros_logo.svg,NA,WCC,San Diego
San Diego St.,San Diego St.,San Diego State,0,#A6192E,#000000,#FFFFFF,NA,NA,NA,https://upload.wikimedia.org/wikipedia/commons/thumb/7/7c/San_Diego_State_Aztecs_logo.svg/320px-San_Diego_State_Aztecs_logo.svg.png,NA,MWC,San Diego St.
San Francisco,San Francisco,San Francisco,0,#FDBB30,#00543C,#919194,NA,NA,NA,https://upload.wikimedia.org/wikipedia/commons/thumb/a/af/San_Francisco_Dons_logo.svg/200px-San_Francisco_Dons_logo.svg.png,NA,WCC,San Francisco
San Jose St.,San Jose St.,San Jose State,0,#0055A2,#E5A823,#939597,NA,NA,NA,https://upload.wikimedia.org/wikipedia/en/thumb/e/ec/San_Jose_State_Spartans_logo.svg/233px-San_Jose_State_Spartans_logo.svg.png,NA,MWC,San Jose St.
Santa Clara,Santa Clara,Santa Clara,0,#862633,#FFFFFF,NA,NA,NA,NA,https://upload.wikimedia.org/wikipedia/commons/thumb/0/05/Santa_Clara_Broncos_logo.svg/185px-Santa_Clara_Broncos_logo.svg.png,NA,WCC,Santa Clara
Savannah State,non,NA,0,NA,NA,NA,NA,NA,NA,NA,NA,NA,non
SE Louisiana,Southeastern La.,SE Louisiana,0,#006341,#EAAA00,NA,NA,NA,NA,https://upload.wikimedia.org/wikipedia/en/6/62/Southeastern_Louisiana_Lions_2021_logo.svg,NA,Southland,Southeastern La.
SE Missouri,Southeast Mo. St.,SE Missouri St,0,#C8102E,#000000,NA,NA,NA,NA,https://upload.wikimedia.org/wikipedia/en/thumb/b/bb/Southeast_Missouri_State_Redhawks_logo.svg/316px-Southeast_Missouri_State_Redhawks_logo.svg.png,NA,OVC,Southeast Mo. St.
Seattle U.,Seattle U,Seattle,0.03333333333333344,#AA0000,#333333,NA,NA,NA,NA,https://upload.wikimedia.org/wikipedia/commons/thumb/2/24/Seattle_Redhawks_logo.svg/214px-Seattle_Redhawks_logo.svg.png,NA,WAC,Seattle U.
Seton Hall,Seton Hall,Seton Hall,0,#004488,#A2AAAD,NA,NA,NA,NA,https://upload.wikimedia.org/wikipedia/en/thumb/e/e1/Seton_Hall_Pirates_logo.svg/236px-Seton_Hall_Pirates_logo.svg.png,NA,Big East,Seton Hall
Siena,Siena,Siena,0,#FFC72C,#C8102E,#006747,#693F23,NA,NA,https://upload.wikimedia.org/wikipedia/commons/d/d0/Siena_Saints_wordmark.png,NA,MAAC,Siena
SIU Edwardsville,SIUE,SIUE,0,#CC0000,#FFFFFF,NA,NA,NA,NA,https://upload.wikimedia.org/wikipedia/en/thumb/c/c2/SIU_Edwardsville_Cougars_logo.svg/320px-SIU_Edwardsville_Cougars_logo.svg.png,NA,OVC,SIUE
SIU-Edwardsville,SIUE,SIUE,0,#CC0000,#FFFFFF,NA,NA,NA,NA,https://upload.wikimedia.org/wikipedia/en/thumb/c/c2/SIU_Edwardsville_Cougars_logo.svg/320px-SIU_Edwardsville_Cougars_logo.svg.png,NA,OVC,SIUE
SMU,SMU,SMU,0,#CC0035,#354CA1,NA,NA,NA,NA,https://upload.wikimedia.org/wikipedia/commons/thumb/3/33/SMU_Mustang_logo.svg/320px-SMU_Mustang_logo.svg.png,NA,AAC,SMU
South Alabama,South Alabama,South Alabama,0,#00205B,#BF0D3E,NA,NA,NA,NA,https://upload.wikimedia.org/wikipedia/en/thumb/6/69/South_Alabama_Jaguars_logo.svg/303px-South_Alabama_Jaguars_logo.svg.png,NA,Sunbelt,South Alabama
South Carolina,South Carolina,South Carolina,0,#73000A,#000000,NA,NA,NA,NA,https://upload.wikimedia.org/wikipedia/commons/thumb/9/94/South_Carolina_Gamecocks_logo.svg/219px-South_Carolina_Gamecocks_logo.svg.png,NA,SEC,South Carolina
South Carolina St.,South Carolina St.,S Carolina St,0,#841A2B,#1E4692,NA,NA,NA,NA,https://upload.wikimedia.org/wikipedia/en/thumb/a/ac/South_Carolina_State_Bulldogs_logo.svg/197px-South_Carolina_State_Bulldogs_logo.svg.png,NA,MEAC,South Carolina St.
South Dakota,South Dakota,South Dakota,0,#AD0000,#B4B4B4,#000000,NA,NA,NA,https://upload.wikimedia.org/wikipedia/en/thumb/a/ae/South_Dakota_Coyotes_logo.svg/189px-South_Dakota_Coyotes_logo.svg.png,NA,Summit,South Dakota
South Dakota St.,South Dakota St.,South Dakota St,0,#0033A0,#FFD100,NA,NA,NA,NA,https://upload.wikimedia.org/wikipedia/en/thumb/2/25/South_Dakota_State_Jackrabbits_logo.svg/315px-South_Dakota_State_Jackrabbits_logo.svg.png,NA,Summit,South Dakota St.
South Florida,South Fla.,USF,0,#006747,#CFC493,NA,NA,NA,NA,https://upload.wikimedia.org/wikipedia/en/thumb/c/c1/South_Florida_Bulls_logo.svg/300px-South_Florida_Bulls_logo.svg.png,NA,AAC,South Fla.
Southern,Southern U.,Southern,0.09090909090909083,#69B3E7,#FFC72C,NA,NA,NA,NA,https://upload.wikimedia.org/wikipedia/en/thumb/7/76/Southern_Jaguars_logo.svg/273px-Southern_Jaguars_logo.svg.png,NA,SWAC,Southern
Southern Illinois,Southern Ill.,S Illinois,0.12368024132730016,#720000,#000000,NA,NA,NA,NA,https://upload.wikimedia.org/wikipedia/en/thumb/9/9f/Southern_Illinois_Salukis_logo.svg/320px-Southern_Illinois_Salukis_logo.svg.png,NA,MVC,Southern Illinois
Southern Miss.,Southern Miss.,Southern Miss,0,#000000,#FFAB00,NA,NA,NA,NA,https://upload.wikimedia.org/wikipedia/en/thumb/5/5d/Southern_Miss_Athletics_logo.svg/320px-Southern_Miss_Athletics_logo.svg.png,NA,C-USA,Southern Miss.
Southern Utah,Southern Utah,Southern Utah,0,#000000,#FFFFFF,NA,NA,NA,NA,https://upload.wikimedia.org/wikipedia/en/thumb/e/e7/Southern_Utah_Thunderbirds_logo.svg/320px-Southern_Utah_Thunderbirds_logo.svg.png,NA,Big Sky,Southern Utah
St. Bonaventure,St. Bonaventure,St Bonaventure,0,#54261A,#FDB726,#BDB6B0,NA,NA,NA,https://upload.wikimedia.org/wikipedia/en/thumb/9/9c/St._Bonaventure_Bonnies_logo.svg/320px-St._Bonaventure_Bonnies_logo.svg.png,NA,A-10,St. Bonaventure
St. Francis (N.Y.),St. Francis Brooklyn,St Francis (BKN),0,#0038A8,#CE1126,NA,NA,NA,NA,https://upload.wikimedia.org/wikipedia/en/e/e2/St._Francis_Brooklyn_Terriers_logo.svg,NA,NEC,St. Francis Brooklyn
St. Francis (Pa.),Saint Francis (PA),St Francis (PA),0,#BD1F25,#FFFFFF,NA,NA,NA,NA,https://upload.wikimedia.org/wikipedia/commons/thumb/1/10/Saint_Francis_Red_Flash_logo.svg/320px-Saint_Francis_Red_Flash_logo.svg.png,NA,NEC,Saint Francis (PA)
St. John's,St. John's (NY),St John's,0.11111111111111116,#BA0C2F,#041C2C,#A7A8AA,NA,NA,NA,https://upload.wikimedia.org/wikipedia/commons/thumb/6/62/St._John%27s_Red_Storm_logo.svg/172px-St._John%27s_Red_Storm_logo.svg.png,NA,Big East,St. John's
St. Joseph's (Pa.),Saint Joseph's,Saint Joe's,0.20105820105820116,#9E1B32,#6C6F70,NA,NA,NA,NA,https://upload.wikimedia.org/wikipedia/en/thumb/7/76/Saint_Joseph%27s_Hawks_logo.svg/320px-Saint_Joseph%27s_Hawks_logo.svg.png,NA,A-10,St. Joseph's (Pa.)
St. Louis U.,Saint Louis,Saint Louis,0,#003DA5,#C8C9C7,NA,NA,NA,NA,https://upload.wikimedia.org/wikipedia/en/thumb/0/03/Saint_Louis_Billikens_logo.svg/249px-Saint_Louis_Billikens_logo.svg.png,NA,A-10,Saint Louis
St. Mary's (Cal.),Saint Mary's (CA),Saint Mary's,0.26050420168067223,#D80024,#06315B,NA,NA,NA,NA,https://upload.wikimedia.org/wikipedia/commons/thumb/7/7c/Saint_Mary%27s_College_Gaels_logo.svg/300px-Saint_Mary%27s_College_Gaels_logo.svg.png,NA,WCC,St. Mary's (Cal.)
St. Peter's,Saint Peter's,St Peter's,0.10722610722610726,#003C71,#0072CE,#A59C94,#000000,NA,NA,https://upload.wikimedia.org/wikipedia/en/9/97/Saint_Peter%27s_Peacocks_logo.svg,NA,MAAC,St. Peter's
Stanford,Stanford,Stanford,0,#8C1515,#FFFFFF,#4D4F53,#2E2D29,#007662,NA,https://upload.wikimedia.org/wikipedia/commons/thumb/4/4b/Stanford_Cardinal_logo.svg/157px-Stanford_Cardinal_logo.svg.png,NA,Pac 12,Stanford
Stephen F. Austin,SFA,SF Austin,0,#3F2A55,#FFFFFF,NA,NA,NA,NA,https://upload.wikimedia.org/wikipedia/commons/thumb/a/a6/Stephen_F._Austin_Athletics_wordmark.svg/240px-Stephen_F._Austin_Athletics_wordmark.svg.png,NA,WAC,SFA
Stony Brook,Stony Brook,Stony Brook,0,#990000,#16243E,#828282,NA,NA,NA,https://upload.wikimedia.org/wikipedia/en/thumb/3/35/Stony_Brook_Seawolves_logo.svg/320px-Stony_Brook_Seawolves_logo.svg.png,NA,Am. East,Stony Brook
Syracuse,Syracuse,Syracuse,0,#D44500,#3E3D3C,#6F777D,#ADB3B8,#3E3D3C,#0D1D37,https://upload.wikimedia.org/wikipedia/commons/thumb/4/49/Syracuse_Orange_logo.svg/177px-Syracuse_Orange_logo.svg.png,NA,ACC,Syracuse
Tarleton State,Tarleton St.,Tarleton,0.09920634920634919,#4F2D7F,white,NA,NA,NA,NA,https://upload.wikimedia.org/wikipedia/commons/5/56/Tarleton_State_athletics_logo.svg,NA,WAC,Tarleton State
TCU,TCU,TCU,0,#4D1979,#A3A9AC,#FFFFFF,NA,NA,NA,https://upload.wikimedia.org/wikipedia/commons/thumb/1/15/TCU_Horned_Frogs_logo.svg/320px-TCU_Horned_Frogs_logo.svg.png,NA,Big 12,TCU
Temple,Temple,Temple,0,#9D2235,#FFCD00,#8A8D8F,#C1C6C8,#000000,NA,https://upload.wikimedia.org/wikipedia/commons/thumb/1/17/Temple_T_logo.svg/212px-Temple_T_logo.svg.png,NA,AAC,Temple
Tennessee,Tennessee,Tennessee,0,#FF8200,#58595B,#FFFFFF,NA,NA,NA,https://upload.wikimedia.org/wikipedia/commons/thumb/e/e3/Tennessee_Volunteers_logo.svg/240px-Tennessee_Volunteers_logo.svg.png,NA,SEC,Tennessee
Tennessee St.,Tennessee St.,Tennessee St,0,#00539F,#FFFFFF,NA,NA,NA,NA,https://upload.wikimedia.org/wikipedia/en/thumb/b/b2/Tennessee_State_Tigers_logo.svg/264px-Tennessee_State_Tigers_logo.svg.png,NA,OVC,Tennessee St.
Tennessee Tech,Tennessee Tech,Tenn Tech,0,#4F2984,#FFDD00,NA,NA,NA,NA,https://upload.wikimedia.org/wikipedia/en/thumb/f/f8/Tennessee_Tech_Golden_Eagles_logo.svg/315px-Tennessee_Tech_Golden_Eagles_logo.svg.png,NA,OVC,Tennessee Tech
Tennessee-Martin,UT Martin,UT Martin,0,#002649,#F77F00,NA,NA,NA,NA,https://upload.wikimedia.org/wikipedia/en/thumb/2/2c/UT_Martin_Skyhawks_logo.svg/299px-UT_Martin_Skyhawks_logo.svg.png,NA,OVC,UT Martin
Texas,Texas,Texas,0,#BF5700,#333F48,#FFFFFF,NA,NA,NA,https://upload.wikimedia.org/wikipedia/commons/thumb/8/8d/Texas_Longhorns_logo.svg/320px-Texas_Longhorns_logo.svg.png,NA,Big 12,Texas
Texas A&M,Texas A&M,Texas A&M,0,#500000,#FFFFFF,NA,NA,NA,NA,https://upload.wikimedia.org/wikipedia/commons/thumb/e/ee/Texas_A%26M_University_logo.svg/292px-Texas_A%26M_University_logo.svg.png,NA,SEC,Texas A&M
Texas A&M-CC,A&M-Corpus Christi,Texas A&M-CC,0,#0067C5,#007F3E,NA,NA,NA,NA,https://upload.wikimedia.org/wikipedia/en/thumb/e/eb/Texas_A%26M%E2%80%93Corpus_Christi_Islanders_logo.svg/260px-Texas_A%26M%E2%80%93Corpus_Christi_Islanders_logo.svg.png,NA,Southland,A&M-Corpus Christi
Texas Southern,Texas Southern,Texas Southern,0,#6F263D,#A2AAAD,NA,NA,NA,NA,https://upload.wikimedia.org/wikipedia/en/thumb/9/9b/Texas_Southern_Tigers_logo.svg/254px-Texas_Southern_Tigers_logo.svg.png,NA,SWAC,Texas Southern
Texas State,Texas St.,Texas State,0.12794612794612803,#501214,#8D734A,NA,NA,NA,NA,https://upload.wikimedia.org/wikipedia/en/thumb/9/97/Texas_State_Bobcats_logo.svg/206px-Texas_State_Bobcats_logo.svg.png,NA,Sunbelt,Texas State
Texas Tech,Texas Tech,Texas Tech,0,#CC0000,#000000,#FFFFFF,NA,NA,NA,https://upload.wikimedia.org/wikipedia/commons/thumb/4/4e/Texas_Tech_Athletics_logo.svg/207px-Texas_Tech_Athletics_logo.svg.png,NA,Big 12,Texas Tech
Texas-Arlington,UT Arlington,UT Arlington,0.16666666666666674,#F58025,#0064B1,NA,NA,NA,NA,https://upload.wikimedia.org/wikipedia/en/thumb/3/35/UT_Arlington_Mavericks_logo.svg/310px-UT_Arlington_Mavericks_logo.svg.png,NA,Sunbelt,Texas-Arlington
Texas-Pan American,UTRGV,UT Rio Grande,0,#FFA300,#F05023,#00843D,#0C2340,NA,NA,https://upload.wikimedia.org/wikipedia/commons/thumb/d/dc/Texas%E2%80%93Rio_Grande_Valley_Vaqueros_logo.svg/320px-Texas%E2%80%93Rio_Grande_Valley_Vaqueros_logo.svg.png,NA,WAC,UTRGV
Toledo,Toledo,Toledo,0,#15397F,#005CB9,#FFDA00,#BEC6C3,#A0ACAA,#000000,https://upload.wikimedia.org/wikipedia/en/thumb/f/fa/Toledo_Rockets_logo.svg/320px-Toledo_Rockets_logo.svg.png,NA,MAC,Toledo
Toronto,non,NA,0,NA,NA,NA,NA,NA,NA,NA,NA,NA,non
Towson,Towson,Towson,0,#000000,#FFCC00,NA,NA,NA,NA,https://upload.wikimedia.org/wikipedia/en/thumb/7/72/Towson_Tigers_logo.svg/320px-Towson_Tigers_logo.svg.png,NA,CAA,Towson
Troy,Troy,Troy,0,#6D0017,#B2B3B5,#000000,NA,NA,NA,https://upload.wikimedia.org/wikipedia/commons/3/34/Troy_Trojans_logo.svg,NA,Sunbelt,Troy
Tulane,Tulane,Tulane,0,#006747,#43B02A,#418FDE,#000000,NA,NA,https://upload.wikimedia.org/wikipedia/en/thumb/2/28/Tulane_Green_Wave_logo.svg/320px-Tulane_Green_Wave_logo.svg.png,NA,AAC,Tulane
Tulsa,Tulsa,Tulsa,0,#002D72,#C8102E,#C5B783,#F3D54E,#84754E,NA,https://upload.wikimedia.org/wikipedia/commons/thumb/c/c4/Tulsa_Golden_Hurricane_logo.svg/319px-Tulsa_Golden_Hurricane_logo.svg.png,NA,AAC,Tulsa
UAB,UAB,UAB,0,#006341,#CC8A00,#000000,#BF0D3E,NA,NA,https://upload.wikimedia.org/wikipedia/en/thumb/f/ff/UAB_Blazers_logo.svg/283px-UAB_Blazers_logo.svg.png,NA,C-USA,UAB
UC Davis,UC Davis,UC Davis,0,#002855,#B3A369,NA,NA,NA,NA,https://upload.wikimedia.org/wikipedia/commons/1/13/UC_Davis_Aggies_logo.svg,NA,Big West,UC Davis
UC Irvine,UC Irvine,UC Irvine,0,#0C2340,#FFC72C,NA,NA,NA,NA,https://upload.wikimedia.org/wikipedia/commons/thumb/b/b6/UC_Irvine_Anteaters_logo.svg/227px-UC_Irvine_Anteaters_logo.svg.png,NA,Big West,UC Irvine
UC Riverside,UC Riverside,UC Riverside,0,#2D6CC0,#003066,#F1AB00,#7A6E67,#000000,NA,https://upload.wikimedia.org/wikipedia/commons/thumb/2/21/UC_Riverside_Highlanders_logo.svg/240px-UC_Riverside_Highlanders_logo.svg.png,NA,Big West,UC Riverside
UC Santa Barbara,UC Santa Barbara,UCSB,0,#004D9F,#FFB814,NA,NA,NA,NA,https://upload.wikimedia.org/wikipedia/en/thumb/a/a8/UC_Santa_Barbara_Gauchos_logo.svg/320px-UC_Santa_Barbara_Gauchos_logo.svg.png,NA,Big West,UC Santa Barbara
UCF,UCF,UCF,0,#000000,#B7A369,NA,NA,NA,NA,https://upload.wikimedia.org/wikipedia/commons/thumb/f/fd/UCF_Knights_logo.svg/299px-UCF_Knights_logo.svg.png,NA,AAC,UCF
UCLA,UCLA,UCLA,0,#2D68C4,#F2A900,#3284BF,#FFE800,NA,NA,https://upload.wikimedia.org/wikipedia/commons/thumb/e/ed/UCLA_Bruins_script.svg/320px-UCLA_Bruins_script.svg.png,NA,Pac 12,UCLA
UL-Lafayette,Louisiana,Louisiana,0,#CE181E,#0A0203,#C1C5C9,#F18C21,NA,NA,https://upload.wikimedia.org/wikipedia/en/thumb/0/06/Ragin_Cajuns_logo.svg/320px-Ragin_Cajuns_logo.svg.png,NA,Sunbelt,Louisiana
UL-Monroe,ULM,UL Monroe,0,#800029,#BD955A,#646469,#DAD86D,NA,NA,https://upload.wikimedia.org/wikipedia/en/thumb/c/c9/Louisiana-Monroe_Warhawks_logo.svg/320px-Louisiana-Monroe_Warhawks_logo.svg.png,NA,Sunbelt,ULM
UMass Amherst,Massachusetts,UMass,0,#971B2F,#572932,#B1B3B3,#000000,NA,NA,https://upload.wikimedia.org/wikipedia/commons/thumb/0/06/UMass_Amherst_Athletics_logo.svg/294px-UMass_Amherst_Athletics_logo.svg.png,NA,A-10,Massachusetts
UMass Lowell,UMass Lowell,UMass Lowell,0,#003DA5,#C8102E,NA,NA,NA,NA,https://upload.wikimedia.org/wikipedia/en/thumb/4/43/UMass_Lowell_River_Hawks_logo.svg/320px-UMass_Lowell_River_Hawks_logo.svg.png,NA,Am. East,UMass Lowell
UMBC,UMBC,UMBC,0,#B18906,#FFC20E,#000000,#ED1C24,NA,NA,https://upload.wikimedia.org/wikipedia/en/thumb/c/cc/UMBC_Retrievers_logo.svg/259px-UMBC_Retrievers_logo.svg.png,NA,Am. East,UMBC
UMKC,Kansas City,UMKC,0,#005293,#FECB00,#000000,#DCDDDE,NA,NA,https://upload.wikimedia.org/wikipedia/en/thumb/7/75/Kansas_City_Roos_logo.svg/254px-Kansas_City_Roos_logo.svg.png,NA,WAC,Kansas City
UNC-Asheville,UNC Asheville,UNC Asheville,0.05128205128205132,#003DA5,#FFFFFF,NA,NA,NA,NA,https://upload.wikimedia.org/wikipedia/en/thumb/9/93/UNC_Asheville_Bulldogs_logo.svg/320px-UNC_Asheville_Bulldogs_logo.svg.png,NA,Big South,UNC-Asheville
UNC-Greensboro,UNC Greensboro,UNCG,0.04761904761904767,#0F2044,#FFB71B,NA,NA,NA,NA,https://upload.wikimedia.org/wikipedia/en/thumb/7/70/UNCG_Spartans_logo.svg/309px-UNCG_Spartans_logo.svg.png,NA,Southern,UNC-Greensboro
UNC-Wilmington,UNCW,UNC Wilmington,0.23809523809523814,#006666,#003366,#FFD600,NA,NA,NA,https://upload.wikimedia.org/wikipedia/en/thumb/6/6f/UNC_Wilmington_Seahawks_logo.svg/211px-UNC_Wilmington_Seahawks_logo.svg.png,NA,CAA,UNC-Wilmington
UNCW,UNCW,UNC Wilmington,0,#006666,#003366,#FFD600,NA,NA,NA,https://upload.wikimedia.org/wikipedia/en/thumb/6/6f/UNC_Wilmington_Seahawks_logo.svg/211px-UNC_Wilmington_Seahawks_logo.svg.png,NA,CAA,UNCW
UNLV,UNLV,UNLV,0,#B10202,#666666,#000000,NA,NA,NA,https://upload.wikimedia.org/wikipedia/commons/thumb/f/f6/UNLV_Rebels_wordmark.svg/320px-UNLV_Rebels_wordmark.svg.png,NA,MWC,UNLV
USC,Southern California,USC,0,#FFC72C,#990000,#FFC72C,NA,NA,NA,https://upload.wikimedia.org/wikipedia/commons/thumb/9/94/USC_Trojans_logo.svg/161px-USC_Trojans_logo.svg.png,NA,Pac 12,Southern California
USC Upstate,USC Upstate,USC Upstate,0,#00703C,#000000,NA,NA,NA,NA,https://upload.wikimedia.org/wikipedia/commons/thumb/8/8e/USC_Upstate_Spartans_logo.svg/320px-USC_Upstate_Spartans_logo.svg.png,NA,Big South,USC Upstate
UT-Arlington,UT Arlington,UT Arlington,0.05555555555555569,#F58025,#0064B1,NA,NA,NA,NA,https://upload.wikimedia.org/wikipedia/en/thumb/3/35/UT_Arlington_Mavericks_logo.svg/310px-UT_Arlington_Mavericks_logo.svg.png,NA,Sunbelt,UT-Arlington
UT-Rio Grande Valley,UTRGV,UT Rio Grande,0.33333333333333337,#FFA300,#F05023,#00843D,#0C2340,NA,NA,https://upload.wikimedia.org/wikipedia/commons/thumb/d/dc/Texas%E2%80%93Rio_Grande_Valley_Vaqueros_logo.svg/320px-Texas%E2%80%93Rio_Grande_Valley_Vaqueros_logo.svg.png,NA,WAC,UT-Rio Grande Valley
Utah,Utah,Utah,0,#CC0000,#808080,#000000,NA,NA,NA,https://upload.wikimedia.org/wikipedia/commons/thumb/b/be/Utah_Utes_logo.svg/263px-Utah_Utes_logo.svg.png,NA,Pac 12,Utah
Utah State,Utah St.,Utah State,0.1416666666666666,#0F2439,#FFFFFF,#9D968D,#000000,NA,NA,https://upload.wikimedia.org/wikipedia/commons/thumb/5/59/Utah_State_Aggies_logo.svg/317px-Utah_State_Aggies_logo.svg.png,NA,MWC,Utah State
Utah Valley,Utah Valley,Utah Valley,0,#275D38,#000000,#8E8C89,NA,NA,NA,https://upload.wikimedia.org/wikipedia/en/thumb/c/c8/Utah_Valley_Wolverines_logo.svg/320px-Utah_Valley_Wolverines_logo.svg.png,NA,WAC,Utah Valley
UTEP,UTEP,UTEP,0,#FF8200,#041E42,#B1B3B3,NA,NA,NA,https://upload.wikimedia.org/wikipedia/en/thumb/0/06/UTEP_Miners_logo.svg/238px-UTEP_Miners_logo.svg.png,NA,C-USA,UTEP
UTSA,UTSA,UTSA,0,#F15A22,#0C2340,NA,NA,NA,NA,https://upload.wikimedia.org/wikipedia/commons/thumb/8/84/UTSA_Roadrunners_logo.svg/320px-UTSA_Roadrunners_logo.svg.png,NA,C-USA,UTSA
Va. Military Institute,VMI,VMI,0,#AE122A,#FFD619,NA,NA,NA,NA,https://upload.wikimedia.org/wikipedia/commons/thumb/8/86/VMI_Keydets_logo.svg/225px-VMI_Keydets_logo.svg.png,NA,Southern,VMI
Valparaiso,Valparaiso,Valparaiso,0,#381E0E,#613318,#FFCC00,NA,NA,NA,https://upload.wikimedia.org/wikipedia/commons/f/fb/Valparaiso_Crusaders_wordmark.svg,NA,MVC,Valparaiso
Vanderbilt,Vanderbilt,Vanderbilt,0,#000000,#866D4B,NA,NA,NA,NA,https://upload.wikimedia.org/wikipedia/commons/thumb/6/61/Vanderbilt_Commodores_logo.svg/246px-Vanderbilt_Commodores_logo.svg.png,NA,SEC,Vanderbilt
VCU,VCU,VCU,0,#FFB300,#000000,NA,NA,NA,NA,https://upload.wikimedia.org/wikipedia/commons/thumb/b/bf/VCU_Rams_logo.svg/320px-VCU_Rams_logo.svg.png,NA,A-10,VCU
Vermont,Vermont,Vermont,0,#154734,#8B5B29,#FFC72C,#C6AA76,#FF6A13,#000000,https://upload.wikimedia.org/wikipedia/en/thumb/3/34/Vermont_Catamounts_logo.svg/246px-Vermont_Catamounts_logo.svg.png,NA,Am. East,Vermont
Villanova,Villanova,Villanova,0,#00205B,#13B5EA,#8B634B,NA,NA,NA,https://upload.wikimedia.org/wikipedia/commons/thumb/2/23/Villanova_Wildcats_logo.svg/269px-Villanova_Wildcats_logo.svg.png,NA,Big East,Villanova
Virginia,Virginia,UVA,0,#232D4B,#F84C1E,#FFFFFF,NA,NA,NA,https://upload.wikimedia.org/wikipedia/en/thumb/d/d1/Virginia_Cavaliers_sabre.svg/320px-Virginia_Cavaliers_sabre.svg.png,NA,ACC,Virginia
Virginia Tech,Virginia Tech,Virginia Tech,0,#630031,#CF4420,NA,NA,NA,NA,https://upload.wikimedia.org/wikipedia/commons/thumb/6/60/Virginia_Tech_Hokies_logo.svg/320px-Virginia_Tech_Hokies_logo.svg.png,NA,ACC,Virginia Tech
VMI,VMI,VMI,0,#AE122A,#FFD619,NA,NA,NA,NA,https://upload.wikimedia.org/wikipedia/commons/thumb/8/86/VMI_Keydets_logo.svg/225px-VMI_Keydets_logo.svg.png,NA,Southern,VMI
Wagner,Wagner,Wagner,0,#004331,#FFFFFF,NA,NA,NA,NA,https://upload.wikimedia.org/wikipedia/en/thumb/6/63/Wagner_Seahawks_logo.svg/320px-Wagner_Seahawks_logo.svg.png,NA,NEC,Wagner
Wake Forest,Wake Forest,Wake Forest,0,#A67F31,#000000,NA,NA,NA,NA,https://upload.wikimedia.org/wikipedia/commons/thumb/1/1a/Wake_Forest_University_Athletic_logo.svg/320px-Wake_Forest_University_Athletic_logo.svg.png,NA,ACC,Wake Forest
Washington,Washington,Washington,0,#4B2E83,#B7A57A,#85754D,NA,NA,NA,https://upload.wikimedia.org/wikipedia/commons/thumb/1/17/Washington_Huskies_logo.svg/320px-Washington_Huskies_logo.svg.png,NA,Pac 12,Washington
Washington St.,Washington St.,Washington St,0,#981E32,#5E6A71,NA,NA,NA,NA,https://upload.wikimedia.org/wikipedia/en/thumb/0/07/Washington_State_Cougars_logo.svg/252px-Washington_State_Cougars_logo.svg.png,NA,Pac 12,Washington St.
Weber State,Weber St.,Weber State,0.12794612794612803,#A1A1A4,#130C0E,NA,NA,NA,NA,https://upload.wikimedia.org/wikipedia/en/thumb/f/f2/Weber_State_Wildcats_logo.svg/310px-Weber_State_Wildcats_logo.svg.png,NA,Big Sky,Weber State
West Virginia,West Virginia,West Virginia,0,#002855,#EAAA00,NA,NA,NA,NA,https://upload.wikimedia.org/wikipedia/commons/thumb/e/e8/West_Virginia_Mountaineers_logo.svg/233px-West_Virginia_Mountaineers_logo.svg.png,NA,Big 12,West Virginia
Western Carolina,Western Caro.,W Carolina,0.10897435897435892,#592C88,#B9975B,NA,NA,NA,NA,https://upload.wikimedia.org/wikipedia/en/thumb/5/50/Western_Carolina_Catamounts_logo.svg/290px-Western_Carolina_Catamounts_logo.svg.png,NA,Southern,Western Carolina
Western Illinois,Western Ill.,W Illinois,0.13194444444444453,#663399,#FFCC00,NA,NA,NA,NA,https://upload.wikimedia.org/wikipedia/en/thumb/1/16/Western_Illinois_Leathernecks_logo.svg/249px-Western_Illinois_Leathernecks_logo.svg.png,NA,Summit,Western Illinois
Western Kentucky,Western Ky.,W Kentucky,0.15530303030303028,#C60C30,#1E1E1E,#A2A4A3,NA,NA,NA,https://upload.wikimedia.org/wikipedia/en/thumb/1/1d/WKU_Athletics_logo.svg/320px-WKU_Athletics_logo.svg.png,NA,C-USA,Western Kentucky
Western Michigan,Western Mich.,W Michigan,0.10897435897435892,#6C4023,#B5A167,#AAA8AA,#000000,NA,NA,https://upload.wikimedia.org/wikipedia/en/thumb/a/a6/Western_Michigan_Broncos_logo.svg/318px-Western_Michigan_Broncos_logo.svg.png,NA,MAC,Western Michigan
Wichita State,Wichita St.,Wichita State,0.10722610722610726,#FFCD00,#000000,NA,NA,NA,NA,https://upload.wikimedia.org/wikipedia/en/thumb/9/90/Wichita_State_Shockers_logo.svg/288px-Wichita_State_Shockers_logo.svg.png,NA,AAC,Wichita State
William and Mary,William & Mary,William & Mary,0.12477106227106238,#115740,#F0B323,#D0D3D4,NA,NA,NA,https://upload.wikimedia.org/wikipedia/en/thumb/d/d9/William_and_Mary_Tribe_logo.svg/277px-William_and_Mary_Tribe_logo.svg.png,NA,CAA,William and Mary
Winthrop,Winthrop,Winthrop,0,#872434,#FFC82E,NA,NA,NA,NA,https://upload.wikimedia.org/wikipedia/en/thumb/d/df/Winthrop_Eagles_logo.svg/274px-Winthrop_Eagles_logo.svg.png,NA,Big South,Winthrop
Wis.-Milwaukee,Milwaukee,Milwaukee,0.15608465608465616,#FFBD00,#CCCCCC,NA,NA,NA,NA,https://upload.wikimedia.org/wikipedia/en/thumb/b/b0/Wisconsin%E2%80%93Milwaukee_Panthers_head_logo.svg/320px-Wisconsin%E2%80%93Milwaukee_Panthers_head_logo.svg.png,NA,Horizon,Wis.-Milwaukee
Wisconsin,Wisconsin,Wisconsin,0,#C5050C,#FFFFFF,#9B0000,NA,NA,NA,https://upload.wikimedia.org/wikipedia/commons/thumb/e/e5/Wisconsin_Badgers_logo.svg/254px-Wisconsin_Badgers_logo.svg.png,NA,Big 10,Wisconsin
Wofford,Wofford,Wofford,0,#886E4C,#000000,NA,NA,NA,NA,https://upload.wikimedia.org/wikipedia/en/thumb/5/5b/Wofford_Terriers_logo.svg/217px-Wofford_Terriers_logo.svg.png,NA,Southern,Wofford
Wright State,Wright St.,Wright State,0.1166666666666667,#026937,#CEA052,#FFE1A5,#DE6328,NA,NA,https://upload.wikimedia.org/wikipedia/en/thumb/c/c2/Wright_State_Raiders_logo.svg/313px-Wright_State_Raiders_logo.svg.png,NA,Horizon,Wright State
Wyoming,Wyoming,Wyoming,0,#FFC425,#492F24,NA,NA,NA,NA,https://upload.wikimedia.org/wikipedia/commons/thumb/9/91/Wyoming_Athletics_logo.svg/138px-Wyoming_Athletics_logo.svg.png,NA,MWC,Wyoming
Xavier (Ohio),Xavier,Xavier,0.17948717948717952,#0C2340,#9EA2A2,#0099CC,NA,NA,NA,https://upload.wikimedia.org/wikipedia/commons/thumb/d/db/Xavier_Musketeers_logo.svg/301px-Xavier_Musketeers_logo.svg.png,NA,Big East,Xavier (Ohio)
Yale,Yale,Yale,0,#00356B,#FFFFFF,NA,NA,NA,NA,https://upload.wikimedia.org/wikipedia/en/thumb/e/e5/Yale_Bulldogs_logo.svg/247px-Yale_Bulldogs_logo.svg.png,NA,Ivy,Yale
Youngstown St.,Youngstown St.,Youngstown St,0,#C8102E,#F3D54E,NA,NA,NA,NA,https://upload.wikimedia.org/wikipedia/commons/thumb/8/84/Youngstown_State_Penguins_logo.svg/320px-Youngstown_State_Penguins_logo.svg.png,NA,Horizon,Youngstown St.
